step,epoch,loss,metric,learning_rate
1,1,0.3238387703895569,,1e-05
2,1,0.6776258945465088,,1e-05
3,1,0.14863117039203644,,1e-05
4,1,0.29718825221061707,,1e-05
5,1,0.08181197941303253,,1e-05
6,1,0.3672000467777252,,1e-05
7,1,0.7156408429145813,,1e-05
8,1,0.009157148189842701,,1e-05
9,1,0.005666233133524656,,1e-05
10,1,0.06128760054707527,,1e-05
11,1,0.06934347748756409,,1e-05
12,1,0.0058180782943964005,,1e-05
13,1,0.08598136156797409,,1e-05
14,1,0.08004695922136307,,1e-05
15,1,1.6283698081970215,,1e-05
16,1,0.03395489975810051,,1e-05
17,1,0.138136625289917,,1e-05
18,1,0.3081603944301605,,1e-05
19,1,0.0646420270204544,,1e-05
20,1,0.05224001407623291,,1e-05
21,1,0.4125778079032898,,1e-05
22,1,0.9134665727615356,,1e-05
23,1,0.9276357889175415,,1e-05
24,1,0.012923942878842354,,1e-05
25,1,0.12814685702323914,,1e-05
26,1,0.3937617540359497,,1e-05
27,1,0.616737961769104,,1e-05
28,1,0.38749584555625916,,1e-05
29,1,0.37225815653800964,,1e-05
30,1,0.07216762006282806,,1e-05
31,1,0.2863556742668152,,1e-05
32,1,0.10057047754526138,,1e-05
33,1,0.986963152885437,,1e-05
34,1,0.4664587676525116,,1e-05
35,1,0.9547410011291504,,1e-05
36,1,0.570076584815979,,1e-05
37,1,0.01807447336614132,,1e-05
38,1,0.060420144349336624,,1e-05
39,1,0.0947420671582222,,1e-05
40,1,0.0932537168264389,,1e-05
41,1,0.008469494059681892,,1e-05
42,1,0.27600210905075073,,1e-05
43,1,0.5533197522163391,,1e-05
44,1,0.6725013256072998,,1e-05
45,1,0.08364930748939514,,1e-05
46,1,0.7630653381347656,,1e-05
47,1,0.04301081970334053,,1e-05
48,1,0.0027347381692379713,,1e-05
49,1,0.08286145329475403,,1e-05
50,1,0.004581782501190901,,1e-05
51,1,0.18916280567646027,,1e-05
52,1,0.28217655420303345,,1e-05
53,1,0.7774714827537537,,1e-05
54,1,0.12738552689552307,,1e-05
55,1,0.011413434520363808,,1e-05
56,1,0.010192438028752804,,1e-05
57,1,0.0015422130236402154,,1e-05
58,1,0.2099340707063675,,1e-05
59,1,0.1125769093632698,,1e-05
60,1,0.033448658883571625,,1e-05
61,1,0.26064929366111755,,1e-05
62,1,0.3136226534843445,,1e-05
63,1,0.29915130138397217,,1e-05
64,1,0.909731924533844,,1e-05
65,1,0.33336547017097473,,1e-05
66,1,0.2511894106864929,,1e-05
67,1,0.7348818182945251,,1e-05
68,1,0.5956773161888123,,1e-05
69,1,0.1730685830116272,,1e-05
70,1,0.1593456119298935,,1e-05
71,1,0.018900498747825623,,1e-05
72,1,0.04585229977965355,,1e-05
73,1,0.04253572225570679,,1e-05
74,1,0.05992794781923294,,1e-05
75,1,0.011412487365305424,,1e-05
76,1,0.05738139525055885,,1e-05
77,1,0.8709761500358582,,1e-05
78,1,0.009454865008592606,,1e-05
79,1,0.20134562253952026,,1e-05
80,1,0.16740019619464874,,1e-05
81,1,0.0742691308259964,,1e-05
82,1,0.39039045572280884,,1e-05
83,1,0.0034584603272378445,,1e-05
84,1,0.09362998604774475,,1e-05
85,1,0.0655875951051712,,1e-05
86,1,0.07284191250801086,,1e-05
87,1,0.09584984183311462,,1e-05
88,1,0.3836915194988251,,1e-05
89,1,0.09653802216053009,,1e-05
90,1,0.05746685341000557,,1e-05
91,1,1.5738052129745483,,1e-05
92,1,0.09374632686376572,,1e-05
93,1,0.0739087164402008,,1e-05
94,1,0.02031858265399933,,1e-05
95,1,0.11722825467586517,,1e-05
96,1,0.12058456987142563,,1e-05
97,1,0.3440607190132141,,1e-05
98,1,0.2566123902797699,,1e-05
99,1,0.0028850717935711145,,1e-05
100,1,0.038108378648757935,,1e-05
101,1,0.0036510485224425793,,1e-05
102,1,0.020535914227366447,,1e-05
103,1,0.645465075969696,,1e-05
104,1,0.16596831381320953,,1e-05
105,1,1.371756911277771,,1e-05
106,1,0.1958032250404358,,1e-05
107,1,0.05280553922057152,,1e-05
108,1,1.1464751958847046,,1e-05
109,1,0.44401782751083374,,1e-05
110,1,0.1535075157880783,,1e-05
111,1,0.07604806870222092,,1e-05
112,1,0.43276119232177734,,1e-05
113,1,0.0852736383676529,,1e-05
114,1,0.09682914614677429,,1e-05
115,1,0.07416553050279617,,1e-05
116,1,0.010540008544921875,,1e-05
117,1,0.17528142035007477,,1e-05
118,1,0.006662608589977026,,1e-05
119,1,0.5463954210281372,,1e-05
120,1,0.49418124556541443,,1e-05
121,1,0.02612505666911602,,1e-05
122,1,0.0404781699180603,,1e-05
123,1,0.3767528831958771,,1e-05
124,1,0.3538089692592621,,1e-05
125,1,0.04820271581411362,,1e-05
126,1,0.3015730082988739,,1e-05
127,1,0.34756597876548767,,1e-05
128,1,0.4369277358055115,,1e-05
129,1,0.012464918196201324,,1e-05
130,1,0.3648272454738617,,1e-05
131,1,1.126912236213684,,1e-05
132,1,0.008007236756384373,,1e-05
133,1,0.33821752667427063,,1e-05
134,1,0.03304888680577278,,1e-05
135,1,0.07158928364515305,,1e-05
136,1,1.791792631149292,,1e-05
137,1,0.10636169463396072,,1e-05
138,1,0.4356502890586853,,1e-05
139,1,0.9543651342391968,,1e-05
140,1,0.035862501710653305,,1e-05
141,1,0.016714025288820267,,1e-05
142,1,0.40909576416015625,,1e-05
143,1,0.015696324408054352,,1e-05
144,1,0.4917038083076477,,1e-05
145,1,1.004823923110962,,1e-05
146,1,0.0479927584528923,,1e-05
147,1,0.01639494113624096,,1e-05
148,1,0.04735361784696579,,1e-05
149,1,0.06540289521217346,,1e-05
150,1,0.14904989302158356,,1e-05
151,1,0.07965436577796936,,1e-05
152,1,0.28882190585136414,,1e-05
153,1,0.003973896149545908,,1e-05
154,1,0.02202128991484642,,1e-05
155,1,0.04384956508874893,,1e-05
156,1,0.2519760727882385,,1e-05
157,1,0.6986269354820251,,1e-05
158,1,0.01421729102730751,,1e-05
159,1,0.18308643996715546,,1e-05
160,1,0.04667578637599945,,1e-05
161,1,0.013904119841754436,,1e-05
162,1,0.9606299996376038,,1e-05
163,1,0.06705954670906067,,1e-05
164,1,0.08726602047681808,,1e-05
165,1,0.15258580446243286,,1e-05
166,1,0.1985890418291092,,1e-05
167,1,0.012221491895616055,,1e-05
168,1,0.10970881581306458,,1e-05
169,1,1.3584098815917969,,1e-05
170,1,0.7122738361358643,,1e-05
171,1,0.47386276721954346,,1e-05
172,1,0.21426182985305786,,1e-05
173,1,0.3143640160560608,,1e-05
174,1,0.10702594369649887,,1e-05
175,1,0.2204892337322235,,1e-05
176,1,0.07267020642757416,,1e-05
177,1,0.04298306256532669,,1e-05
178,1,0.03878149017691612,,1e-05
179,1,0.17744942009449005,,1e-05
180,1,0.03410545364022255,,1e-05
181,1,0.008282252587378025,,1e-05
182,1,0.013315454125404358,,1e-05
183,1,0.14130829274654388,,1e-05
184,1,0.3283199071884155,,1e-05
185,1,0.005287280771881342,,1e-05
186,1,0.7093114256858826,,1e-05
187,1,0.31310299038887024,,1e-05
188,1,0.024976711720228195,,1e-05
189,1,0.1427898108959198,,1e-05
190,1,0.01496430765837431,,1e-05
191,1,0.054911307990550995,,1e-05
192,1,0.07610528916120529,,1e-05
193,1,0.6647425889968872,,1e-05
194,1,0.017426539212465286,,1e-05
195,1,0.12494679540395737,,1e-05
196,1,0.5555944442749023,,1e-05
197,1,0.10744988918304443,,1e-05
198,1,0.13867077231407166,,1e-05
199,1,0.5944918394088745,,1e-05
200,1,0.013877754099667072,,1e-05
201,1,0.016096005216240883,,1e-05
202,1,0.018562914803624153,,1e-05
203,1,0.06112281605601311,,1e-05
204,1,0.22122998535633087,,1e-05
205,1,0.336893230676651,,1e-05
206,1,0.829063892364502,,1e-05
207,1,0.38481518626213074,,1e-05
208,1,1.6284306049346924,,1e-05
209,1,0.18231984972953796,,1e-05
210,1,0.004165346268564463,,1e-05
211,1,0.38099777698516846,,1e-05
212,1,0.03126555308699608,,1e-05
213,1,0.0417778305709362,,1e-05
214,1,0.7413777709007263,,1e-05
215,1,0.44339895248413086,,1e-05
216,1,0.0074606300331652164,,1e-05
217,1,0.6407450437545776,,1e-05
218,1,0.14532051980495453,,1e-05
219,1,0.02172841690480709,,1e-05
220,1,0.5126340389251709,,1e-05
221,1,0.11750700324773788,,1e-05
222,1,0.5610095858573914,,1e-05
223,1,0.5127649307250977,,1e-05
224,1,0.006194633897393942,,1e-05
225,1,0.3082679510116577,,1e-05
226,1,0.5186461210250854,,1e-05
227,1,0.43457159399986267,,1e-05
228,1,0.1777617484331131,,1e-05
229,1,2.0695085525512695,,1e-05
230,1,0.0013327475171536207,,1e-05
231,1,0.4494691491127014,,1e-05
232,1,0.1414341777563095,,1e-05
233,1,0.0756315141916275,,1e-05
234,1,0.023030832409858704,,1e-05
235,1,1.6924128532409668,,1e-05
236,1,0.7734897136688232,,1e-05
237,1,0.0017136550741270185,,1e-05
238,1,1.0992486476898193,,1e-05
239,1,0.04692843556404114,,1e-05
240,1,0.49428918957710266,,1e-05
241,1,0.15561942756175995,,1e-05
242,1,0.22632573544979095,,1e-05
243,1,0.1644648313522339,,1e-05
244,1,0.23130011558532715,,1e-05
245,1,0.4257678985595703,,1e-05
246,1,0.3662150800228119,,1e-05
247,1,1.076224684715271,,1e-05
248,1,0.42048853635787964,,1e-05
249,1,0.05493536591529846,,1e-05
250,1,0.031162967905402184,,1e-05
251,1,0.008965577930212021,,1e-05
252,1,0.07602580636739731,,1e-05
253,1,0.05613972991704941,,1e-05
254,1,0.41812819242477417,,1e-05
255,1,0.015675002709031105,,1e-05
256,1,0.047182291746139526,,1e-05
257,2,0.20045317709445953,,1e-05
258,2,0.002216133289039135,,1e-05
259,2,0.1632440984249115,,1e-05
260,2,0.6637951731681824,,1e-05
261,2,0.1711508184671402,,1e-05
262,2,0.08580810576677322,,1e-05
263,2,0.0072613428346812725,,1e-05
264,2,0.07595694065093994,,1e-05
265,2,0.035914767533540726,,1e-05
266,2,0.06971129029989243,,1e-05
267,2,0.008112574927508831,,1e-05
268,2,0.4550626277923584,,1e-05
269,2,0.01293767336755991,,1e-05
270,2,0.028632203117012978,,1e-05
271,2,0.010347959585487843,,1e-05
272,2,0.08397902548313141,,1e-05
273,2,0.09302506595849991,,1e-05
274,2,0.4276067614555359,,1e-05
275,2,1.2085298299789429,,1e-05
276,2,0.010278631001710892,,1e-05
277,2,0.01642596162855625,,1e-05
278,2,0.1601773053407669,,1e-05
279,2,0.013438588008284569,,1e-05
280,2,0.299410343170166,,1e-05
281,2,0.4158244729042053,,1e-05
282,2,0.21965493261814117,,1e-05
283,2,0.017277037724852562,,1e-05
284,2,0.06264817714691162,,1e-05
285,2,0.13303996622562408,,1e-05
286,2,0.08793353289365768,,1e-05
287,2,0.04144071042537689,,1e-05
288,2,0.0018464925233274698,,1e-05
289,2,0.0660066157579422,,1e-05
290,2,0.17803238332271576,,1e-05
291,2,0.30962783098220825,,1e-05
292,2,0.07401952147483826,,1e-05
293,2,0.02401583269238472,,1e-05
294,2,0.015976227819919586,,1e-05
295,2,0.06114494428038597,,1e-05
296,2,0.1502852886915207,,1e-05
297,2,0.13170765340328217,,1e-05
298,2,0.6597528457641602,,1e-05
299,2,0.04732957109808922,,1e-05
300,2,0.3669765293598175,,1e-05
301,2,1.3796318769454956,,1e-05
302,2,0.4100862443447113,,1e-05
303,2,0.004209984093904495,,1e-05
304,2,0.0745178833603859,,1e-05
305,2,0.042443808168172836,,1e-05
306,2,0.6451005935668945,,1e-05
307,2,0.1301439106464386,,1e-05
308,2,0.03981916978955269,,1e-05
309,2,0.014135947450995445,,1e-05
310,2,1.660462498664856,,1e-05
311,2,0.08978735655546188,,1e-05
312,2,0.003198806894943118,,1e-05
313,2,0.03144756332039833,,1e-05
314,2,0.31113821268081665,,1e-05
315,2,1.3141435384750366,,1e-05
316,2,0.023243628442287445,,1e-05
317,2,0.024156201630830765,,1e-05
318,2,0.04812335968017578,,1e-05
319,2,0.0026567811146378517,,1e-05
320,2,0.12061813473701477,,1e-05
321,2,0.02427784353494644,,1e-05
322,2,1.7130876779556274,,1e-05
323,2,0.21851935982704163,,1e-05
324,2,0.010924948379397392,,1e-05
325,2,0.004792493302375078,,1e-05
326,2,0.9304796457290649,,1e-05
327,2,0.014421453699469566,,1e-05
328,2,0.04433341696858406,,1e-05
329,2,0.5820797681808472,,1e-05
330,2,0.2574663460254669,,1e-05
331,2,0.06543519347906113,,1e-05
332,2,0.07267918437719345,,1e-05
333,2,0.002234772080555558,,1e-05
334,2,0.02370692975819111,,1e-05
335,2,0.011638758704066277,,1e-05
336,2,0.25741198658943176,,1e-05
337,2,0.19558845460414886,,1e-05
338,2,0.23333236575126648,,1e-05
339,2,0.6559394598007202,,1e-05
340,2,0.5017125606536865,,1e-05
341,2,0.033845532685518265,,1e-05
342,2,0.28290092945098877,,1e-05
343,2,0.006718631833791733,,1e-05
344,2,0.266142338514328,,1e-05
345,2,0.004020688124001026,,1e-05
346,2,1.3000409603118896,,1e-05
347,2,0.2628914713859558,,1e-05
348,2,0.15995873510837555,,1e-05
349,2,0.36064383387565613,,1e-05
350,2,0.01707126758992672,,1e-05
351,2,0.13730689883232117,,1e-05
352,2,0.11728327721357346,,1e-05
353,2,0.2875402569770813,,1e-05
354,2,0.8864845633506775,,1e-05
355,2,0.9689282178878784,,1e-05
356,2,0.07969580590724945,,1e-05
357,2,0.06107540801167488,,1e-05
358,2,0.07318100333213806,,1e-05
359,2,0.07686498016119003,,1e-05
360,2,0.07390175759792328,,1e-05
361,2,0.01686803624033928,,1e-05
362,2,0.24840813875198364,,1e-05
363,2,1.0292922258377075,,1e-05
364,2,1.3259973526000977,,1e-05
365,2,0.0474349670112133,,1e-05
366,2,0.033597368746995926,,1e-05
367,2,0.29290571808815,,1e-05
368,2,0.21468833088874817,,1e-05
369,2,0.07720238715410233,,1e-05
370,2,0.02216409146785736,,1e-05
371,2,0.05426277220249176,,1e-05
372,2,0.02717749960720539,,1e-05
373,2,0.04058641940355301,,1e-05
374,2,0.008857685141265392,,1e-05
375,2,0.8322807550430298,,1e-05
376,2,0.00967924389988184,,1e-05
377,2,0.3994949460029602,,1e-05
378,2,0.35314273834228516,,1e-05
379,2,1.2998963594436646,,1e-05
380,2,0.12435922026634216,,1e-05
381,2,0.4969971179962158,,1e-05
382,2,0.04310763254761696,,1e-05
383,2,0.13018155097961426,,1e-05
384,2,0.1539323478937149,,1e-05
385,2,1.007683277130127,,1e-05
386,2,0.048797354102134705,,1e-05
387,2,1.3226406574249268,,1e-05
388,2,0.5418670177459717,,1e-05
389,2,0.006072730757296085,,1e-05
390,2,0.0038173082284629345,,1e-05
391,2,0.28270643949508667,,1e-05
392,2,0.26872381567955017,,1e-05
393,2,0.7352907657623291,,1e-05
394,2,0.288351833820343,,1e-05
395,2,0.0171370729804039,,1e-05
396,2,0.19839732348918915,,1e-05
397,2,0.4879431128501892,,1e-05
398,2,0.32889434695243835,,1e-05
399,2,0.31471991539001465,,1e-05
400,2,0.18489880859851837,,1e-05
401,2,0.21302717924118042,,1e-05
402,2,0.31022411584854126,,1e-05
403,2,0.2804110646247864,,1e-05
404,2,0.49195224046707153,,1e-05
405,2,0.011632310226559639,,1e-05
406,2,0.3243260979652405,,1e-05
407,2,0.21497537195682526,,1e-05
408,2,0.07220634818077087,,1e-05
409,2,0.21223106980323792,,1e-05
410,2,0.17406271398067474,,1e-05
411,2,0.14024685323238373,,1e-05
412,2,0.02522195503115654,,1e-05
413,2,0.22759726643562317,,1e-05
414,2,0.02617068402469158,,1e-05
415,2,0.17002567648887634,,1e-05
416,2,0.7050550580024719,,1e-05
417,2,0.28210291266441345,,1e-05
418,2,1.0274349451065063,,1e-05
419,2,0.001189331291243434,,1e-05
420,2,0.1497305929660797,,1e-05
421,2,0.1247963011264801,,1e-05
422,2,0.5216715335845947,,1e-05
423,2,0.02523554489016533,,1e-05
424,2,2.0815203189849854,,1e-05
425,2,0.4578216075897217,,1e-05
426,2,0.4551493227481842,,1e-05
427,2,0.06442612409591675,,1e-05
428,2,0.5653337836265564,,1e-05
429,2,0.3649560511112213,,1e-05
430,2,0.06310529261827469,,1e-05
431,2,0.2047211229801178,,1e-05
432,2,0.22473984956741333,,1e-05
433,2,0.08357542008161545,,1e-05
434,2,0.23431432247161865,,1e-05
435,2,0.01426374539732933,,1e-05
436,2,0.5791236162185669,,1e-05
437,2,0.42701804637908936,,1e-05
438,2,0.004602131899446249,,1e-05
439,2,0.07944085448980331,,1e-05
440,2,0.23833730816841125,,1e-05
441,2,0.06557659804821014,,1e-05
442,2,0.0030897515825927258,,1e-05
443,2,0.12732315063476562,,1e-05
444,2,0.43711748719215393,,1e-05
445,2,0.09193793684244156,,1e-05
446,2,0.04625261574983597,,1e-05
447,2,0.24823735654354095,,1e-05
448,2,0.44654780626296997,,1e-05
449,2,0.6213949918746948,,1e-05
450,2,0.021421384066343307,,1e-05
451,2,0.43140384554862976,,1e-05
452,2,0.45888209342956543,,1e-05
453,2,0.16012509167194366,,1e-05
454,2,0.06712571531534195,,1e-05
455,2,0.00600549578666687,,1e-05
456,2,0.007669854909181595,,1e-05
457,2,0.5570140480995178,,1e-05
458,2,0.08370990306138992,,1e-05
459,2,0.03523164242506027,,1e-05
460,2,0.14734144508838654,,1e-05
461,2,0.9691839218139648,,1e-05
462,2,0.1788928061723709,,1e-05
463,2,0.29380202293395996,,1e-05
464,2,0.05491478741168976,,1e-05
465,2,0.02094891481101513,,1e-05
466,2,0.297443151473999,,1e-05
467,2,0.009892470203340054,,1e-05
468,2,0.15752606093883514,,1e-05
469,2,0.20993387699127197,,1e-05
470,2,0.9090275168418884,,1e-05
471,2,1.2835273742675781,,1e-05
472,2,0.3111617863178253,,1e-05
473,2,0.2158438116312027,,1e-05
474,2,0.09068577736616135,,1e-05
475,2,0.08576172590255737,,1e-05
476,2,0.07307279109954834,,1e-05
477,2,0.03150581195950508,,1e-05
478,2,0.0032894513569772243,,1e-05
479,2,0.17687255144119263,,1e-05
480,2,0.008005947805941105,,1e-05
481,2,0.011233782395720482,,1e-05
482,2,0.009697615168988705,,1e-05
483,2,0.013695157133042812,,1e-05
484,2,0.007266303990036249,,1e-05
485,2,0.2614120543003082,,1e-05
486,2,0.18491843342781067,,1e-05
487,2,0.22161896526813507,,1e-05
488,2,0.05186018347740173,,1e-05
489,2,0.41722190380096436,,1e-05
490,2,0.4237426221370697,,1e-05
491,2,0.02027003839612007,,1e-05
492,2,0.2880537807941437,,1e-05
493,2,1.1975330114364624,,1e-05
494,2,0.22339189052581787,,1e-05
495,2,0.015766609460115433,,1e-05
496,2,0.08350010961294174,,1e-05
497,2,0.19375185668468475,,1e-05
498,2,0.04636156186461449,,1e-05
499,2,0.03392670676112175,,1e-05
500,2,0.21611946821212769,,1e-05
501,2,0.4750034511089325,,1e-05
502,2,0.015493682585656643,,1e-05
503,2,0.6854805946350098,,1e-05
504,2,0.11819609999656677,,1e-05
505,2,0.3965916633605957,,1e-05
506,2,0.6519291400909424,,1e-05
507,2,0.9183034896850586,,1e-05
508,2,0.007223249413073063,,1e-05
509,2,0.3246528208255768,,1e-05
510,2,0.5710346102714539,,1e-05
511,2,0.06045278161764145,,1e-05
512,2,0.012495732866227627,,1e-05
513,3,0.281997412443161,,1e-05
514,3,0.2260783463716507,,1e-05
515,3,0.6489327549934387,,1e-05
516,3,0.14315904676914215,,1e-05
517,3,0.4037467837333679,,1e-05
518,3,0.5870488882064819,,1e-05
519,3,0.08759374171495438,,1e-05
520,3,0.40241876244544983,,1e-05
521,3,0.008965382352471352,,1e-05
522,3,0.002318261656910181,,1e-05
523,3,0.06090989336371422,,1e-05
524,3,1.373987078666687,,1e-05
525,3,0.10919257253408432,,1e-05
526,3,0.2305065393447876,,1e-05
527,3,0.02097686380147934,,1e-05
528,3,0.14825715124607086,,1e-05
529,3,0.05235843360424042,,1e-05
530,3,0.14086677134037018,,1e-05
531,3,0.181435227394104,,1e-05
532,3,0.35137754678726196,,1e-05
533,3,0.23617689311504364,,1e-05
534,3,0.10327667742967606,,1e-05
535,3,0.0636671632528305,,1e-05
536,3,1.2622044086456299,,1e-05
537,3,0.07774457335472107,,1e-05
538,3,0.1346433460712433,,1e-05
539,3,0.8789480924606323,,1e-05
540,3,0.4078870117664337,,1e-05
541,3,0.3344684839248657,,1e-05
542,3,0.1383901685476303,,1e-05
543,3,0.11564616858959198,,1e-05
544,3,1.3450675010681152,,1e-05
545,3,0.5990787744522095,,1e-05
546,3,0.06648889929056168,,1e-05
547,3,0.8870857357978821,,1e-05
548,3,0.1834445744752884,,1e-05
549,3,0.014530258253216743,,1e-05
550,3,0.7030757069587708,,1e-05
551,3,0.008652828633785248,,1e-05
552,3,0.2682761549949646,,1e-05
553,3,0.006596236024051905,,1e-05
554,3,0.1922723948955536,,1e-05
555,3,0.12128346413373947,,1e-05
556,3,0.001948176184669137,,1e-05
557,3,0.03202854096889496,,1e-05
558,3,0.47133558988571167,,1e-05
559,3,0.15916171669960022,,1e-05
560,3,0.3710553050041199,,1e-05
561,3,0.6184654235839844,,1e-05
562,3,0.009926407597959042,,1e-05
563,3,0.2002689689397812,,1e-05
564,3,0.44591712951660156,,1e-05
565,3,0.45402991771698,,1e-05
566,3,0.1903287172317505,,1e-05
567,3,0.07122552394866943,,1e-05
568,3,0.2374403476715088,,1e-05
569,3,0.02205304428935051,,1e-05
570,3,1.3873447179794312,,1e-05
571,3,1.4131125211715698,,1e-05
572,3,0.22197206318378448,,1e-05
573,3,0.012676340527832508,,1e-05
574,3,0.04934531822800636,,1e-05
575,3,0.005821775645017624,,1e-05
576,3,0.31817275285720825,,1e-05
577,3,0.00277577992528677,,1e-05
578,3,0.5003947019577026,,1e-05
579,3,0.38426652550697327,,1e-05
580,3,0.06903187930583954,,1e-05
581,3,0.32356569170951843,,1e-05
582,3,0.3946796953678131,,1e-05
583,3,0.264975905418396,,1e-05
584,3,0.04172636196017265,,1e-05
585,3,0.27397170662879944,,1e-05
586,3,0.907896876335144,,1e-05
587,3,0.12778779864311218,,1e-05
588,3,0.029699508100748062,,1e-05
589,3,0.02425486594438553,,1e-05
590,3,0.14444586634635925,,1e-05
591,3,0.015040641650557518,,1e-05
592,3,0.5939387083053589,,1e-05
593,3,0.007227764464914799,,1e-05
594,3,0.47068682312965393,,1e-05
595,3,0.11276640743017197,,1e-05
596,3,0.8734841346740723,,1e-05
597,3,0.07510772347450256,,1e-05
598,3,0.005243627354502678,,1e-05
599,3,0.9467213153839111,,1e-05
600,3,0.2298079878091812,,1e-05
601,3,0.05926913022994995,,1e-05
602,3,0.8470603227615356,,1e-05
603,3,0.006326504983007908,,1e-05
604,3,0.007056863512843847,,1e-05
605,3,0.7990115880966187,,1e-05
606,3,0.018983876332640648,,1e-05
607,3,0.5067626237869263,,1e-05
608,3,0.1636512279510498,,1e-05
609,3,0.004815878812223673,,1e-05
610,3,0.08583700656890869,,1e-05
611,3,0.42610037326812744,,1e-05
612,3,0.010388479568064213,,1e-05
613,3,0.2426079511642456,,1e-05
614,3,0.2226986587047577,,1e-05
615,3,0.6493133902549744,,1e-05
616,3,0.1198112964630127,,1e-05
617,3,0.948897659778595,,1e-05
618,3,1.738217830657959,,1e-05
619,3,0.24199214577674866,,1e-05
620,3,0.004787815734744072,,1e-05
621,3,0.16943146288394928,,1e-05
622,3,0.2101813107728958,,1e-05
623,3,0.4550327956676483,,1e-05
624,3,0.030875148251652718,,1e-05
625,3,0.22236496210098267,,1e-05
626,3,0.08880998939275742,,1e-05
627,3,0.1487332433462143,,1e-05
628,3,0.05111556127667427,,1e-05
629,3,0.7614188194274902,,1e-05
630,3,0.2536654770374298,,1e-05
631,3,0.04784739017486572,,1e-05
632,3,0.008111979812383652,,1e-05
633,3,1.3821899890899658,,1e-05
634,3,0.5891963839530945,,1e-05
635,3,0.12469027191400528,,1e-05
636,3,0.7437658905982971,,1e-05
637,3,0.04281945154070854,,1e-05
638,3,0.2863781154155731,,1e-05
639,3,0.21955640614032745,,1e-05
640,3,0.6932627558708191,,1e-05
641,3,0.35577666759490967,,1e-05
642,3,0.07062102109193802,,1e-05
643,3,0.018726417794823647,,1e-05
644,3,0.3149116337299347,,1e-05
645,3,0.10875671356916428,,1e-05
646,3,0.016195697709918022,,1e-05
647,3,0.42838406562805176,,1e-05
648,3,0.35411760210990906,,1e-05
649,3,0.2010871022939682,,1e-05
650,3,0.1713794618844986,,1e-05
651,3,0.3792242109775543,,1e-05
652,3,0.006814030464738607,,1e-05
653,3,0.0026828383561223745,,1e-05
654,3,0.1067909449338913,,1e-05
655,3,0.4627251625061035,,1e-05
656,3,0.06046737730503082,,1e-05
657,3,0.020884355530142784,,1e-05
658,3,0.11144919693470001,,1e-05
659,3,0.08906728774309158,,1e-05
660,3,0.6418771743774414,,1e-05
661,3,0.24483230710029602,,1e-05
662,3,0.015035264194011688,,1e-05
663,3,0.005526960361748934,,1e-05
664,3,0.2401946485042572,,1e-05
665,3,1.3165072202682495,,1e-05
666,3,0.6752791404724121,,1e-05
667,3,0.5235657691955566,,1e-05
668,3,0.6170990467071533,,1e-05
669,3,0.25473055243492126,,1e-05
670,3,0.23519456386566162,,1e-05
671,3,0.019846957176923752,,1e-05
672,3,0.01808980107307434,,1e-05
673,3,0.08737029135227203,,1e-05
674,3,0.15742743015289307,,1e-05
675,3,0.6513903141021729,,1e-05
676,3,0.003832239890471101,,1e-05
677,3,0.2807598412036896,,1e-05
678,3,0.050273116677999496,,1e-05
679,3,0.027466299012303352,,1e-05
680,3,0.7981869578361511,,1e-05
681,3,0.027116544544696808,,1e-05
682,3,0.2596043348312378,,1e-05
683,3,0.012944263406097889,,1e-05
684,3,0.09292763471603394,,1e-05
685,3,0.06583008915185928,,1e-05
686,3,0.15417420864105225,,1e-05
687,3,0.24841924011707306,,1e-05
688,3,0.08164617419242859,,1e-05
689,3,0.13921517133712769,,1e-05
690,3,0.2236330211162567,,1e-05
691,3,0.2021162509918213,,1e-05
692,3,0.04653025045990944,,1e-05
693,3,0.5721315145492554,,1e-05
694,3,0.02262287400662899,,1e-05
695,3,0.0914040058851242,,1e-05
696,3,0.003363363677635789,,1e-05
697,3,0.015174423344433308,,1e-05
698,3,0.06268084049224854,,1e-05
699,3,0.05931663513183594,,1e-05
700,3,0.2590884566307068,,1e-05
701,3,0.04938048869371414,,1e-05
702,3,0.026100991293787956,,1e-05
703,3,0.024046871811151505,,1e-05
704,3,0.07968489080667496,,1e-05
705,3,0.03410792723298073,,1e-05
706,3,0.07855960726737976,,1e-05
707,3,0.31904128193855286,,1e-05
708,3,0.038037896156311035,,1e-05
709,3,0.004142927471548319,,1e-05
710,3,0.14900821447372437,,1e-05
711,3,0.1448141634464264,,1e-05
712,3,0.1826368272304535,,1e-05
713,3,0.012330088764429092,,1e-05
714,3,0.06815704703330994,,1e-05
715,3,0.793447732925415,,1e-05
716,3,0.04133405536413193,,1e-05
717,3,0.06034020707011223,,1e-05
718,3,0.036310676485300064,,1e-05
719,3,0.13691078126430511,,1e-05
720,3,0.06797914206981659,,1e-05
721,3,0.13525010645389557,,1e-05
722,3,0.22059980034828186,,1e-05
723,3,0.06830095499753952,,1e-05
724,3,0.16135983169078827,,1e-05
725,3,0.1636355072259903,,1e-05
726,3,0.03614361956715584,,1e-05
727,3,0.28032034635543823,,1e-05
728,3,1.5596991777420044,,1e-05
729,3,0.03220386803150177,,1e-05
730,3,0.011235558427870274,,1e-05
731,3,0.32245510816574097,,1e-05
732,3,0.14848065376281738,,1e-05
733,3,1.4744480848312378,,1e-05
734,3,0.08065950870513916,,1e-05
735,3,0.33454883098602295,,1e-05
736,3,0.0663539320230484,,1e-05
737,3,0.09386312961578369,,1e-05
738,3,0.017723318189382553,,1e-05
739,3,0.04889939725399017,,1e-05
740,3,0.2401983141899109,,1e-05
741,3,0.23395095765590668,,1e-05
742,3,0.05202018842101097,,1e-05
743,3,0.1556324064731598,,1e-05
744,3,0.07912570983171463,,1e-05
745,3,0.06491890549659729,,1e-05
746,3,0.014726540073752403,,1e-05
747,3,0.48481160402297974,,1e-05
748,3,0.012123802676796913,,1e-05
749,3,0.2791421711444855,,1e-05
750,3,0.03426817059516907,,1e-05
751,3,0.35431352257728577,,1e-05
752,3,0.1854216307401657,,1e-05
753,3,0.42805570363998413,,1e-05
754,3,0.027689596638083458,,1e-05
755,3,1.5944854021072388,,1e-05
756,3,0.011093517765402794,,1e-05
757,3,0.092563696205616,,1e-05
758,3,0.4787145256996155,,1e-05
759,3,0.01619219034910202,,1e-05
760,3,0.1179366260766983,,1e-05
761,3,0.02962256409227848,,1e-05
762,3,0.002847872208803892,,1e-05
763,3,0.21406979858875275,,1e-05
764,3,0.01874871924519539,,1e-05
765,3,0.10249694436788559,,1e-05
766,3,0.7275965213775635,,1e-05
767,3,0.0845848023891449,,1e-05
768,3,0.0027240028139203787,,1e-05
769,4,0.009218535386025906,,1e-05
770,4,0.009915824979543686,,1e-05
771,4,0.00920040812343359,,1e-05
772,4,1.0083760023117065,,1e-05
773,4,0.04064143821597099,,1e-05
774,4,0.26512691378593445,,1e-05
775,4,0.3117370307445526,,1e-05
776,4,0.24616338312625885,,1e-05
777,4,0.4034323990345001,,1e-05
778,4,0.00582832470536232,,1e-05
779,4,0.006274428218603134,,1e-05
780,4,0.2994174063205719,,1e-05
781,4,0.19186891615390778,,1e-05
782,4,0.29914402961730957,,1e-05
783,4,0.5579580068588257,,1e-05
784,4,0.010013083927333355,,1e-05
785,4,0.051487065851688385,,1e-05
786,4,0.0023323704954236746,,1e-05
787,4,0.003947363700717688,,1e-05
788,4,0.19780616462230682,,1e-05
789,4,1.2273387908935547,,1e-05
790,4,0.4114157259464264,,1e-05
791,4,0.09214241057634354,,1e-05
792,4,0.10652332752943039,,1e-05
793,4,0.0015835929661989212,,1e-05
794,4,0.023006929084658623,,1e-05
795,4,0.11977173388004303,,1e-05
796,4,0.004433191381394863,,1e-05
797,4,0.7186962366104126,,1e-05
798,4,0.2568643391132355,,1e-05
799,4,0.009711514227092266,,1e-05
800,4,0.024468030780553818,,1e-05
801,4,0.08476690202951431,,1e-05
802,4,0.29610347747802734,,1e-05
803,4,0.2832232415676117,,1e-05
804,4,0.10716866701841354,,1e-05
805,4,0.311958909034729,,1e-05
806,4,0.381395161151886,,1e-05
807,4,0.272931307554245,,1e-05
808,4,0.026188915595412254,,1e-05
809,4,0.040018025785684586,,1e-05
810,4,0.1634025126695633,,1e-05
811,4,0.5631993412971497,,1e-05
812,4,0.6175127625465393,,1e-05
813,4,0.01061452366411686,,1e-05
814,4,0.13512712717056274,,1e-05
815,4,0.046207040548324585,,1e-05
816,4,0.8073413968086243,,1e-05
817,4,0.4271898865699768,,1e-05
818,4,0.2665027379989624,,1e-05
819,4,0.21293288469314575,,1e-05
820,4,0.06651625037193298,,1e-05
821,4,0.1642286479473114,,1e-05
822,4,0.09569606930017471,,1e-05
823,4,0.07019961625337601,,1e-05
824,4,0.02888426184654236,,1e-05
825,4,0.5058988332748413,,1e-05
826,4,0.16590531170368195,,1e-05
827,4,0.09788520634174347,,1e-05
828,4,0.854572057723999,,1e-05
829,4,0.07910080254077911,,1e-05
830,4,0.5968785285949707,,1e-05
831,4,0.20039749145507812,,1e-05
832,4,0.011763970367610455,,1e-05
833,4,0.050361935049295425,,1e-05
834,4,1.4882659912109375,,1e-05
835,4,0.13854491710662842,,1e-05
836,4,0.9353885650634766,,1e-05
837,4,0.004947940818965435,,1e-05
838,4,0.012519491836428642,,1e-05
839,4,0.01832703873515129,,1e-05
840,4,0.17515455186367035,,1e-05
841,4,0.07190565019845963,,1e-05
842,4,0.037511441856622696,,1e-05
843,4,0.9855933785438538,,1e-05
844,4,0.10259037464857101,,1e-05
845,4,0.45883268117904663,,1e-05
846,4,0.11943703144788742,,1e-05
847,4,0.06912678480148315,,1e-05
848,4,0.002695406787097454,,1e-05
849,4,0.005925099365413189,,1e-05
850,4,0.5321798920631409,,1e-05
851,4,1.0817253589630127,,1e-05
852,4,0.018674716353416443,,1e-05
853,4,0.03877962753176689,,1e-05
854,4,0.12570184469223022,,1e-05
855,4,0.3822628855705261,,1e-05
856,4,0.04709724709391594,,1e-05
857,4,0.011119059287011623,,1e-05
858,4,1.1694867610931396,,1e-05
859,4,0.023292265832424164,,1e-05
860,4,0.03878443315625191,,1e-05
861,4,0.42321309447288513,,1e-05
862,4,0.8923473358154297,,1e-05
863,4,0.02446882613003254,,1e-05
864,4,0.9181315302848816,,1e-05
865,4,0.26558002829551697,,1e-05
866,4,0.8402956128120422,,1e-05
867,4,0.00264515308663249,,1e-05
868,4,0.3574175536632538,,1e-05
869,4,0.6122602224349976,,1e-05
870,4,0.18695713579654694,,1e-05
871,4,0.04991654306650162,,1e-05
872,4,0.28966617584228516,,1e-05
873,4,0.021618735045194626,,1e-05
874,4,0.023179521784186363,,1e-05
875,4,0.060057662427425385,,1e-05
876,4,0.3203496038913727,,1e-05
877,4,0.17277997732162476,,1e-05
878,4,0.07082819938659668,,1e-05
879,4,0.13394615054130554,,1e-05
880,4,0.157233327627182,,1e-05
881,4,0.752514660358429,,1e-05
882,4,0.06032921373844147,,1e-05
883,4,0.18534663319587708,,1e-05
884,4,0.4478704333305359,,1e-05
885,4,0.4025519788265228,,1e-05
886,4,0.4742770195007324,,1e-05
887,4,0.6803953647613525,,1e-05
888,4,1.1028209924697876,,1e-05
889,4,0.034177664667367935,,1e-05
890,4,0.6733760833740234,,1e-05
891,4,0.06415791064500809,,1e-05
892,4,0.10804864019155502,,1e-05
893,4,0.1931755393743515,,1e-05
894,4,0.0305943600833416,,1e-05
895,4,0.15961597859859467,,1e-05
896,4,0.04666479304432869,,1e-05
897,4,0.36230555176734924,,1e-05
898,4,0.07982609421014786,,1e-05
899,4,0.8964836001396179,,1e-05
900,4,0.14430436491966248,,1e-05
901,4,0.8041236400604248,,1e-05
902,4,1.6775763034820557,,1e-05
903,4,0.18261437118053436,,1e-05
904,4,0.1810155063867569,,1e-05
905,4,0.045150402933359146,,1e-05
906,4,0.0071253483183681965,,1e-05
907,4,0.4811328649520874,,1e-05
908,4,0.016325611621141434,,1e-05
909,4,0.5233868360519409,,1e-05
910,4,0.46599605679512024,,1e-05
911,4,0.17888143658638,,1e-05
912,4,0.008911249227821827,,1e-05
913,4,0.004417086485773325,,1e-05
914,4,0.0863979309797287,,1e-05
915,4,0.2067841738462448,,1e-05
916,4,0.01630682498216629,,1e-05
917,4,1.0625486373901367,,1e-05
918,4,0.0501895397901535,,1e-05
919,4,0.04214368388056755,,1e-05
920,4,0.37961941957473755,,1e-05
921,4,0.008945249952375889,,1e-05
922,4,0.3641212582588196,,1e-05
923,4,0.002680388744920492,,1e-05
924,4,0.8140584826469421,,1e-05
925,4,0.5375779271125793,,1e-05
926,4,0.11310262233018875,,1e-05
927,4,0.2691022753715515,,1e-05
928,4,0.13432353734970093,,1e-05
929,4,0.2569933831691742,,1e-05
930,4,0.1756979078054428,,1e-05
931,4,0.01239615585654974,,1e-05
932,4,0.3715675175189972,,1e-05
933,4,0.17345713078975677,,1e-05
934,4,0.37146130204200745,,1e-05
935,4,0.49069103598594666,,1e-05
936,4,0.03330554440617561,,1e-05
937,4,0.34229302406311035,,1e-05
938,4,0.2475736290216446,,1e-05
939,4,0.5803083777427673,,1e-05
940,4,0.04534442722797394,,1e-05
941,4,0.08034608513116837,,1e-05
942,4,0.17369972169399261,,1e-05
943,4,0.3527986407279968,,1e-05
944,4,0.039726532995700836,,1e-05
945,4,0.09832063317298889,,1e-05
946,4,0.043535634875297546,,1e-05
947,4,0.059752725064754486,,1e-05
948,4,0.017066320404410362,,1e-05
949,4,0.3830108642578125,,1e-05
950,4,0.019459230825304985,,1e-05
951,4,0.05474898964166641,,1e-05
952,4,0.1231684759259224,,1e-05
953,4,0.21175836026668549,,1e-05
954,4,0.2244858592748642,,1e-05
955,4,1.3328361511230469,,1e-05
956,4,0.02777123637497425,,1e-05
957,4,0.5194942951202393,,1e-05
958,4,0.1899280548095703,,1e-05
959,4,0.6686573624610901,,1e-05
960,4,0.7638641595840454,,1e-05
961,4,0.12441220134496689,,1e-05
962,4,0.41550412774086,,1e-05
963,4,0.616400420665741,,1e-05
964,4,0.7435901761054993,,1e-05
965,4,1.6690945625305176,,1e-05
966,4,0.015308559872210026,,1e-05
967,4,0.17129133641719818,,1e-05
968,4,0.03517170250415802,,1e-05
969,4,0.3517982065677643,,1e-05
970,4,0.6999723315238953,,1e-05
971,4,0.12514814734458923,,1e-05
972,4,0.04972485825419426,,1e-05
973,4,1.5848170518875122,,1e-05
974,4,0.1496059000492096,,1e-05
975,4,0.002659953199326992,,1e-05
976,4,0.36301103234291077,,1e-05
977,4,0.2188136875629425,,1e-05
978,4,0.08697693794965744,,1e-05
979,4,0.8787797689437866,,1e-05
980,4,0.04281294718384743,,1e-05
981,4,1.9827971458435059,,1e-05
982,4,0.1543077677488327,,1e-05
983,4,0.2513991594314575,,1e-05
984,4,0.004053157288581133,,1e-05
985,4,0.8976187705993652,,1e-05
986,4,0.1375545710325241,,1e-05
987,4,0.37141910195350647,,1e-05
988,4,0.003755734534934163,,1e-05
989,4,0.07459857314825058,,1e-05
990,4,0.10315963625907898,,1e-05
991,4,0.12243928015232086,,1e-05
992,4,0.661245584487915,,1e-05
993,4,0.00798066332936287,,1e-05
994,4,0.07758869230747223,,1e-05
995,4,0.4758071005344391,,1e-05
996,4,0.3222304582595825,,1e-05
997,4,0.44090068340301514,,1e-05
998,4,0.031072068959474564,,1e-05
999,4,0.019656311720609665,,1e-05
1000,4,0.09146706014871597,,1e-05
1001,4,0.03754832595586777,,1e-05
1002,4,0.015607202425599098,,1e-05
1003,4,0.16576112806797028,,1e-05
1004,4,0.5624145865440369,,1e-05
1005,4,0.059170953929424286,,1e-05
1006,4,0.18787528574466705,,1e-05
1007,4,0.013219531625509262,,1e-05
1008,4,0.00528336176648736,,1e-05
1009,4,0.13917812705039978,,1e-05
1010,4,0.043512094765901566,,1e-05
1011,4,0.018262984231114388,,1e-05
1012,4,0.47298842668533325,,1e-05
1013,4,0.021927421912550926,,1e-05
1014,4,0.03949620947241783,,1e-05
1015,4,0.6406136155128479,,1e-05
1016,4,0.1273348480463028,,1e-05
1017,4,0.9953030347824097,,1e-05
1018,4,0.3152170479297638,,1e-05
1019,4,0.4669274687767029,,1e-05
1020,4,0.03387432545423508,,1e-05
1021,4,0.2087392807006836,,1e-05
1022,4,0.028834830969572067,,1e-05
1023,4,1.3469417095184326,,1e-05
1024,4,0.018280740827322006,,1e-05
1025,5,0.2694450616836548,,1e-05
1026,5,0.7697239518165588,,1e-05
1027,5,0.7534340023994446,,1e-05
1028,5,0.3211022615432739,,1e-05
1029,5,0.008019844070076942,,1e-05
1030,5,0.23266524076461792,,1e-05
1031,5,0.4816616475582123,,1e-05
1032,5,0.05064661428332329,,1e-05
1033,5,0.8536069393157959,,1e-05
1034,5,0.06358561664819717,,1e-05
1035,5,0.894862174987793,,1e-05
1036,5,0.19022253155708313,,1e-05
1037,5,0.10104566812515259,,1e-05
1038,5,0.020894860848784447,,1e-05
1039,5,0.11892276257276535,,1e-05
1040,5,0.1526079773902893,,1e-05
1041,5,0.3968120813369751,,1e-05
1042,5,0.9134019613265991,,1e-05
1043,5,0.00619395449757576,,1e-05
1044,5,0.0666160061955452,,1e-05
1045,5,0.013474978506565094,,1e-05
1046,5,1.7921276092529297,,1e-05
1047,5,0.19549505412578583,,1e-05
1048,5,0.25963178277015686,,1e-05
1049,5,0.06815261393785477,,1e-05
1050,5,0.03426257520914078,,1e-05
1051,5,0.034970473498106,,1e-05
1052,5,0.05082976445555687,,1e-05
1053,5,0.3456520736217499,,1e-05
1054,5,0.15664944052696228,,1e-05
1055,5,0.1853875070810318,,1e-05
1056,5,0.013132189400494099,,1e-05
1057,5,0.2895391881465912,,1e-05
1058,5,0.0978742390871048,,1e-05
1059,5,0.05102464556694031,,1e-05
1060,5,0.6701812744140625,,1e-05
1061,5,0.09589123725891113,,1e-05
1062,5,0.02097766101360321,,1e-05
1063,5,0.0070040663704276085,,1e-05
1064,5,0.01788197085261345,,1e-05
1065,5,0.06334054470062256,,1e-05
1066,5,0.3393665552139282,,1e-05
1067,5,0.5612868666648865,,1e-05
1068,5,1.142480492591858,,1e-05
1069,5,0.01658049412071705,,1e-05
1070,5,0.26552850008010864,,1e-05
1071,5,1.8867781162261963,,1e-05
1072,5,0.41832688450813293,,1e-05
1073,5,0.664199709892273,,1e-05
1074,5,0.026363393291831017,,1e-05
1075,5,0.1895437240600586,,1e-05
1076,5,0.6626675128936768,,1e-05
1077,5,0.07813077419996262,,1e-05
1078,5,0.05452112480998039,,1e-05
1079,5,1.0645885467529297,,1e-05
1080,5,0.6624405384063721,,1e-05
1081,5,0.005169096402823925,,1e-05
1082,5,0.04327467083930969,,1e-05
1083,5,0.045382704585790634,,1e-05
1084,5,0.4830753207206726,,1e-05
1085,5,0.965819239616394,,1e-05
1086,5,0.019534455612301826,,1e-05
1087,5,0.007375978399068117,,1e-05
1088,5,0.510935366153717,,1e-05
1089,5,0.015725918114185333,,1e-05
1090,5,0.0015024049207568169,,1e-05
1091,5,0.13709115982055664,,1e-05
1092,5,0.10179992765188217,,1e-05
1093,5,0.25431543588638306,,1e-05
1094,5,0.1924898475408554,,1e-05
1095,5,0.5163285732269287,,1e-05
1096,5,0.11513760685920715,,1e-05
1097,5,0.34160441160202026,,1e-05
1098,5,0.0035920809023082256,,1e-05
1099,5,0.0430418886244297,,1e-05
1100,5,0.31409120559692383,,1e-05
1101,5,0.5191683769226074,,1e-05
1102,5,0.053772252053022385,,1e-05
1103,5,0.052888501435518265,,1e-05
1104,5,0.464889258146286,,1e-05
1105,5,0.13525879383087158,,1e-05
1106,5,0.3376377820968628,,1e-05
1107,5,1.2149332761764526,,1e-05
1108,5,0.013912707567214966,,1e-05
1109,5,0.08573564887046814,,1e-05
1110,5,0.3608294725418091,,1e-05
1111,5,0.07668618112802505,,1e-05
1112,5,0.22395095229148865,,1e-05
1113,5,0.4247131645679474,,1e-05
1114,5,0.004621758591383696,,1e-05
1115,5,0.9814612865447998,,1e-05
1116,5,0.21785300970077515,,1e-05
1117,5,0.14571815729141235,,1e-05
1118,5,0.09109356999397278,,1e-05
1119,5,0.2489670068025589,,1e-05
1120,5,0.010172496549785137,,1e-05
1121,5,0.21187929809093475,,1e-05
1122,5,0.012576214037835598,,1e-05
1123,5,0.003207447472959757,,1e-05
1124,5,0.4939625561237335,,1e-05
1125,5,0.3373771905899048,,1e-05
1126,5,0.17775267362594604,,1e-05
1127,5,0.19082966446876526,,1e-05
1128,5,0.48868411779403687,,1e-05
1129,5,0.04161567613482475,,1e-05
1130,5,0.03909428417682648,,1e-05
1131,5,0.7387886047363281,,1e-05
1132,5,0.660220742225647,,1e-05
1133,5,0.07063402980566025,,1e-05
1134,5,0.21150745451450348,,1e-05
1135,5,0.10535003244876862,,1e-05
1136,5,0.0027499604038894176,,1e-05
1137,5,0.2260361909866333,,1e-05
1138,5,0.08980215340852737,,1e-05
1139,5,0.06784866005182266,,1e-05
1140,5,0.1411108672618866,,1e-05
1141,5,0.8316981196403503,,1e-05
1142,5,0.11308006197214127,,1e-05
1143,5,0.006998348981142044,,1e-05
1144,5,0.2578439712524414,,1e-05
1145,5,0.13772810995578766,,1e-05
1146,5,0.05040336772799492,,1e-05
1147,5,0.10258125513792038,,1e-05
1148,5,0.004547682590782642,,1e-05
1149,5,0.11923058331012726,,1e-05
1150,5,0.8483678102493286,,1e-05
1151,5,0.20541703701019287,,1e-05
1152,5,0.10697028785943985,,1e-05
1153,5,0.02603825181722641,,1e-05
1154,5,0.6481870412826538,,1e-05
1155,5,0.05159492790699005,,1e-05
1156,5,0.7687838673591614,,1e-05
1157,5,0.005132841877639294,,1e-05
1158,5,0.02779252640902996,,1e-05
1159,5,0.10221859812736511,,1e-05
1160,5,0.20501646399497986,,1e-05
1161,5,0.13431958854198456,,1e-05
1162,5,0.3083692491054535,,1e-05
1163,5,0.011829594150185585,,1e-05
1164,5,0.36719781160354614,,1e-05
1165,5,0.012522861361503601,,1e-05
1166,5,0.5046865940093994,,1e-05
1167,5,0.17844422161579132,,1e-05
1168,5,0.33936575055122375,,1e-05
1169,5,0.019617047160863876,,1e-05
1170,5,0.6174842119216919,,1e-05
1171,5,0.018398087471723557,,1e-05
1172,5,0.0709935873746872,,1e-05
1173,5,0.008025504648685455,,1e-05
1174,5,0.7141785025596619,,1e-05
1175,5,0.4329650104045868,,1e-05
1176,5,0.06957285851240158,,1e-05
1177,5,0.008080858737230301,,1e-05
1178,5,1.340234398841858,,1e-05
1179,5,0.2653177082538605,,1e-05
1180,5,0.24294400215148926,,1e-05
1181,5,0.6943811774253845,,1e-05
1182,5,0.5121862292289734,,1e-05
1183,5,0.3570482134819031,,1e-05
1184,5,0.6278900504112244,,1e-05
1185,5,0.4947780966758728,,1e-05
1186,5,0.012444675900042057,,1e-05
1187,5,0.015120471827685833,,1e-05
1188,5,0.005993323400616646,,1e-05
1189,5,1.6220381259918213,,1e-05
1190,5,0.07289353758096695,,1e-05
1191,5,0.11025813966989517,,1e-05
1192,5,0.11034828424453735,,1e-05
1193,5,0.5566462874412537,,1e-05
1194,5,0.009532255120575428,,1e-05
1195,5,0.26335158944129944,,1e-05
1196,5,0.4277200996875763,,1e-05
1197,5,0.15494124591350555,,1e-05
1198,5,0.31490612030029297,,1e-05
1199,5,0.04190730303525925,,1e-05
1200,5,0.10181664675474167,,1e-05
1201,5,0.06993117183446884,,1e-05
1202,5,0.2720864415168762,,1e-05
1203,5,0.07408091425895691,,1e-05
1204,5,0.5068337917327881,,1e-05
1205,5,0.24346016347408295,,1e-05
1206,5,0.0035046760458499193,,1e-05
1207,5,0.10137939453125,,1e-05
1208,5,0.3878322243690491,,1e-05
1209,5,0.1249936893582344,,1e-05
1210,5,0.40800145268440247,,1e-05
1211,5,1.0767515897750854,,1e-05
1212,5,0.2709496319293976,,1e-05
1213,5,0.6641428470611572,,1e-05
1214,5,0.3302307426929474,,1e-05
1215,5,0.025411194190382957,,1e-05
1216,5,0.0483766607940197,,1e-05
1217,5,0.27229687571525574,,1e-05
1218,5,0.0031193317845463753,,1e-05
1219,5,0.08713410794734955,,1e-05
1220,5,0.13049830496311188,,1e-05
1221,5,0.1155162826180458,,1e-05
1222,5,0.5620525479316711,,1e-05
1223,5,0.2202758938074112,,1e-05
1224,5,0.20924226939678192,,1e-05
1225,5,0.161049947142601,,1e-05
1226,5,0.012514312751591206,,1e-05
1227,5,0.36394643783569336,,1e-05
1228,5,0.5414252877235413,,1e-05
1229,5,0.6404173374176025,,1e-05
1230,5,0.7584128379821777,,1e-05
1231,5,0.005460261832922697,,1e-05
1232,5,0.07462470233440399,,1e-05
1233,5,1.2758651971817017,,1e-05
1234,5,0.2768293619155884,,1e-05
1235,5,0.005657421424984932,,1e-05
1236,5,0.00582139054313302,,1e-05
1237,5,0.03169362619519234,,1e-05
1238,5,0.025220653042197227,,1e-05
1239,5,0.009011901915073395,,1e-05
1240,5,0.24701376259326935,,1e-05
1241,5,0.024622367694973946,,1e-05
1242,5,0.21841534972190857,,1e-05
1243,5,0.007966065779328346,,1e-05
1244,5,0.8660287857055664,,1e-05
1245,5,0.21914315223693848,,1e-05
1246,5,0.12930451333522797,,1e-05
1247,5,0.3103673756122589,,1e-05
1248,5,1.1724940538406372,,1e-05
1249,5,0.4286297857761383,,1e-05
1250,5,0.9763753414154053,,1e-05
1251,5,0.3869538903236389,,1e-05
1252,5,0.13647675514221191,,1e-05
1253,5,0.007624117657542229,,1e-05
1254,5,0.6904900670051575,,1e-05
1255,5,0.049266207963228226,,1e-05
1256,5,0.8993809223175049,,1e-05
1257,5,0.20190906524658203,,1e-05
1258,5,0.15079012513160706,,1e-05
1259,5,0.07089420408010483,,1e-05
1260,5,0.2161102145910263,,1e-05
1261,5,1.8222384452819824,,1e-05
1262,5,0.08858370780944824,,1e-05
1263,5,0.3278554081916809,,1e-05
1264,5,0.0013541528023779392,,1e-05
1265,5,0.15466375648975372,,1e-05
1266,5,0.01237841323018074,,1e-05
1267,5,0.0421685092151165,,1e-05
1268,5,0.5916985869407654,,1e-05
1269,5,0.022865213453769684,,1e-05
1270,5,0.21874777972698212,,1e-05
1271,5,0.05498052015900612,,1e-05
1272,5,0.17145498096942902,,1e-05
1273,5,0.19158853590488434,,1e-05
1274,5,0.22680939733982086,,1e-05
1275,5,0.08025490492582321,,1e-05
1276,5,0.0022520001512020826,,1e-05
1277,5,0.005439702421426773,,1e-05
1278,5,0.17306660115718842,,1e-05
1279,5,0.24117673933506012,,1e-05
1280,5,0.05527781695127487,,1e-05
1281,6,0.35341325402259827,,1e-05
1282,6,0.15148283541202545,,1e-05
1283,6,0.5766304135322571,,1e-05
1284,6,0.22583578526973724,,1e-05
1285,6,0.2493426650762558,,1e-05
1286,6,0.9565337896347046,,1e-05
1287,6,0.03813253715634346,,1e-05
1288,6,0.18131273984909058,,1e-05
1289,6,0.0851329043507576,,1e-05
1290,6,0.058899085968732834,,1e-05
1291,6,0.21955138444900513,,1e-05
1292,6,0.14895956218242645,,1e-05
1293,6,0.07646923512220383,,1e-05
1294,6,0.0761469230055809,,1e-05
1295,6,0.03560873866081238,,1e-05
1296,6,0.0800693929195404,,1e-05
1297,6,0.6837807893753052,,1e-05
1298,6,0.652428388595581,,1e-05
1299,6,0.22347182035446167,,1e-05
1300,6,0.011644292622804642,,1e-05
1301,6,0.034067586064338684,,1e-05
1302,6,0.22634994983673096,,1e-05
1303,6,0.36488887667655945,,1e-05
1304,6,0.07549835741519928,,1e-05
1305,6,0.014573807828128338,,1e-05
1306,6,0.07969837635755539,,1e-05
1307,6,0.0032354784198105335,,1e-05
1308,6,0.04286663606762886,,1e-05
1309,6,0.0993252694606781,,1e-05
1310,6,0.6885298490524292,,1e-05
1311,6,0.11608986556529999,,1e-05
1312,6,0.14888755977153778,,1e-05
1313,6,0.018053337931632996,,1e-05
1314,6,0.11585170030593872,,1e-05
1315,6,0.007168383337557316,,1e-05
1316,6,0.8260867595672607,,1e-05
1317,6,0.059401631355285645,,1e-05
1318,6,0.03039485588669777,,1e-05
1319,6,0.00441497890278697,,1e-05
1320,6,0.05261574313044548,,1e-05
1321,6,0.017968526110053062,,1e-05
1322,6,0.2524656057357788,,1e-05
1323,6,0.48162105679512024,,1e-05
1324,6,0.07468445599079132,,1e-05
1325,6,0.22595222294330597,,1e-05
1326,6,0.29436907172203064,,1e-05
1327,6,0.17161677777767181,,1e-05
1328,6,0.1124248206615448,,1e-05
1329,6,0.11817646026611328,,1e-05
1330,6,0.6742562055587769,,1e-05
1331,6,0.03385763615369797,,1e-05
1332,6,0.05194113403558731,,1e-05
1333,6,0.07919828593730927,,1e-05
1334,6,0.027914948761463165,,1e-05
1335,6,0.4183131158351898,,1e-05
1336,6,0.012799804098904133,,1e-05
1337,6,0.6913350820541382,,1e-05
1338,6,0.16188636422157288,,1e-05
1339,6,0.1184806376695633,,1e-05
1340,6,0.12857134640216827,,1e-05
1341,6,0.198257714509964,,1e-05
1342,6,0.06478710472583771,,1e-05
1343,6,0.18945348262786865,,1e-05
1344,6,0.021394960582256317,,1e-05
1345,6,0.9403337836265564,,1e-05
1346,6,0.09913238883018494,,1e-05
1347,6,0.02688637189567089,,1e-05
1348,6,0.001771448296494782,,1e-05
1349,6,0.030473453924059868,,1e-05
1350,6,0.03036898374557495,,1e-05
1351,6,0.012192869558930397,,1e-05
1352,6,0.005860301200300455,,1e-05
1353,6,0.0016738211270421743,,1e-05
1354,6,0.4499434530735016,,1e-05
1355,6,0.9734857082366943,,1e-05
1356,6,0.02449641190469265,,1e-05
1357,6,0.470767617225647,,1e-05
1358,6,0.13671399652957916,,1e-05
1359,6,0.10855163633823395,,1e-05
1360,6,1.8462873697280884,,1e-05
1361,6,0.04612373933196068,,1e-05
1362,6,0.20106975734233856,,1e-05
1363,6,0.3326965272426605,,1e-05
1364,6,0.3829766511917114,,1e-05
1365,6,0.5495151877403259,,1e-05
1366,6,0.023712990805506706,,1e-05
1367,6,0.3016035854816437,,1e-05
1368,6,0.6189797520637512,,1e-05
1369,6,0.01295883022248745,,1e-05
1370,6,0.2545306384563446,,1e-05
1371,6,0.03575653210282326,,1e-05
1372,6,0.0750695988535881,,1e-05
1373,6,0.042017534375190735,,1e-05
1374,6,0.12774239480495453,,1e-05
1375,6,0.027932273223996162,,1e-05
1376,6,0.1417517215013504,,1e-05
1377,6,0.00856004934757948,,1e-05
1378,6,0.0629747286438942,,1e-05
1379,6,0.08700941503047943,,1e-05
1380,6,0.5671718716621399,,1e-05
1381,6,0.07745200395584106,,1e-05
1382,6,0.01565975695848465,,1e-05
1383,6,0.005586380138993263,,1e-05
1384,6,0.34212732315063477,,1e-05
1385,6,0.2714383006095886,,1e-05
1386,6,0.16297750174999237,,1e-05
1387,6,0.25367969274520874,,1e-05
1388,6,1.1701641082763672,,1e-05
1389,6,0.01830354332923889,,1e-05
1390,6,0.026789283379912376,,1e-05
1391,6,0.023489411920309067,,1e-05
1392,6,0.30742064118385315,,1e-05
1393,6,0.11793486028909683,,1e-05
1394,6,0.26231375336647034,,1e-05
1395,6,0.04079049080610275,,1e-05
1396,6,0.037410881370306015,,1e-05
1397,6,0.01533628161996603,,1e-05
1398,6,0.15860140323638916,,1e-05
1399,6,0.025472931563854218,,1e-05
1400,6,0.0037508634850382805,,1e-05
1401,6,0.0935731753706932,,1e-05
1402,6,0.21050232648849487,,1e-05
1403,6,0.5255945920944214,,1e-05
1404,6,0.1427372395992279,,1e-05
1405,6,0.3942558169364929,,1e-05
1406,6,0.21737033128738403,,1e-05
1407,6,0.061434682458639145,,1e-05
1408,6,0.31643736362457275,,1e-05
1409,6,0.026103980839252472,,1e-05
1410,6,0.4811222553253174,,1e-05
1411,6,0.06788984686136246,,1e-05
1412,6,0.1416524350643158,,1e-05
1413,6,0.20580589771270752,,1e-05
1414,6,0.052728645503520966,,1e-05
1415,6,0.005459824576973915,,1e-05
1416,6,0.11269797384738922,,1e-05
1417,6,0.017793474718928337,,1e-05
1418,6,0.007591926958411932,,1e-05
1419,6,0.002900683553889394,,1e-05
1420,6,0.30741459131240845,,1e-05
1421,6,0.26154085993766785,,1e-05
1422,6,0.001363137038424611,,1e-05
1423,6,0.607661247253418,,1e-05
1424,6,1.316434383392334,,1e-05
1425,6,0.5342826843261719,,1e-05
1426,6,0.0807880237698555,,1e-05
1427,6,0.07154417037963867,,1e-05
1428,6,0.030943183228373528,,1e-05
1429,6,0.26000624895095825,,1e-05
1430,6,0.06564625352621078,,1e-05
1431,6,0.03288097307085991,,1e-05
1432,6,0.05091874673962593,,1e-05
1433,6,0.013127308338880539,,1e-05
1434,6,0.20497658848762512,,1e-05
1435,6,0.003340492956340313,,1e-05
1436,6,0.8878936767578125,,1e-05
1437,6,0.04419662803411484,,1e-05
1438,6,0.08741609752178192,,1e-05
1439,6,0.11986695975065231,,1e-05
1440,6,0.16649016737937927,,1e-05
1441,6,0.00926125142723322,,1e-05
1442,6,0.11505518853664398,,1e-05
1443,6,0.09331943839788437,,1e-05
1444,6,0.031241999939084053,,1e-05
1445,6,0.6055390238761902,,1e-05
1446,6,0.5118402242660522,,1e-05
1447,6,0.014223845675587654,,1e-05
1448,6,0.07039355486631393,,1e-05
1449,6,0.22091226279735565,,1e-05
1450,6,1.4706873893737793,,1e-05
1451,6,0.30333787202835083,,1e-05
1452,6,0.015043706633150578,,1e-05
1453,6,0.014468584209680557,,1e-05
1454,6,0.49309399724006653,,1e-05
1455,6,0.2924751043319702,,1e-05
1456,6,0.3134499490261078,,1e-05
1457,6,0.009273029863834381,,1e-05
1458,6,0.4166470766067505,,1e-05
1459,6,0.09300754964351654,,1e-05
1460,6,0.42468953132629395,,1e-05
1461,6,0.14644043147563934,,1e-05
1462,6,0.017353259027004242,,1e-05
1463,6,0.012401599436998367,,1e-05
1464,6,0.3159934878349304,,1e-05
1465,6,0.41698822379112244,,1e-05
1466,6,2.096501588821411,,1e-05
1467,6,0.19709758460521698,,1e-05
1468,6,0.05272543430328369,,1e-05
1469,6,0.010415761731564999,,1e-05
1470,6,0.32917389273643494,,1e-05
1471,6,0.2413652539253235,,1e-05
1472,6,0.2616977095603943,,1e-05
1473,6,0.3618551194667816,,1e-05
1474,6,0.014306680299341679,,1e-05
1475,6,1.898054599761963,,1e-05
1476,6,0.17171001434326172,,1e-05
1477,6,0.07846112549304962,,1e-05
1478,6,0.011394075118005276,,1e-05
1479,6,0.048010047525167465,,1e-05
1480,6,0.20498928427696228,,1e-05
1481,6,0.4382542073726654,,1e-05
1482,6,0.1077319085597992,,1e-05
1483,6,0.3027624189853668,,1e-05
1484,6,0.8381796479225159,,1e-05
1485,6,0.4062056839466095,,1e-05
1486,6,0.33104342222213745,,1e-05
1487,6,0.024355953559279442,,1e-05
1488,6,0.07447932660579681,,1e-05
1489,6,0.9473341107368469,,1e-05
1490,6,0.021673232316970825,,1e-05
1491,6,0.01475457288324833,,1e-05
1492,6,0.00758017972111702,,1e-05
1493,6,0.07156166434288025,,1e-05
1494,6,0.6526049375534058,,1e-05
1495,6,0.11135283857584,,1e-05
1496,6,0.26316219568252563,,1e-05
1497,6,0.007751045282930136,,1e-05
1498,6,0.8333780169487,,1e-05
1499,6,0.023813970386981964,,1e-05
1500,6,0.8964371681213379,,1e-05
1501,6,0.055096741765737534,,1e-05
1502,6,0.1529816836118698,,1e-05
1503,6,0.23312704265117645,,1e-05
1504,6,0.13164375722408295,,1e-05
1505,6,0.13271375000476837,,1e-05
1506,6,0.5938861966133118,,1e-05
1507,6,0.5276634693145752,,1e-05
1508,6,0.00481601245701313,,1e-05
1509,6,0.23663464188575745,,1e-05
1510,6,0.024837329983711243,,1e-05
1511,6,0.18149590492248535,,1e-05
1512,6,0.024422064423561096,,1e-05
1513,6,0.037187278270721436,,1e-05
1514,6,0.07201044261455536,,1e-05
1515,6,0.17775344848632812,,1e-05
1516,6,0.11153572797775269,,1e-05
1517,6,0.7858381271362305,,1e-05
1518,6,0.04164598509669304,,1e-05
1519,6,0.007977547124028206,,1e-05
1520,6,0.018896635621786118,,1e-05
1521,6,0.11876805126667023,,1e-05
1522,6,0.08099450916051865,,1e-05
1523,6,0.012192278169095516,,1e-05
1524,6,0.022059332579374313,,1e-05
1525,6,0.29179179668426514,,1e-05
1526,6,0.04187149181962013,,1e-05
1527,6,0.10477138310670853,,1e-05
1528,6,0.008624239824712276,,1e-05
1529,6,0.36028575897216797,,1e-05
1530,6,0.41530701518058777,,1e-05
1531,6,0.16653382778167725,,1e-05
1532,6,0.2336190640926361,,1e-05
1533,6,0.007354478817433119,,1e-05
1534,6,0.2282567322254181,,1e-05
1535,6,0.30902528762817383,,1e-05
1536,6,0.008846859447658062,,1e-05
1537,7,0.01556918490678072,,1e-05
1538,7,0.13120965659618378,,1e-05
1539,7,0.2904546856880188,,1e-05
1540,7,0.011679096147418022,,1e-05
1541,7,0.024706730619072914,,1e-05
1542,7,0.008065062575042248,,1e-05
1543,7,0.04013682156801224,,1e-05
1544,7,0.22902549803256989,,1e-05
1545,7,1.2617353200912476,,1e-05
1546,7,0.015682047232985497,,1e-05
1547,7,0.21457022428512573,,1e-05
1548,7,0.24801234900951385,,1e-05
1549,7,0.03322238102555275,,1e-05
1550,7,0.027602937072515488,,1e-05
1551,7,0.5001326203346252,,1e-05
1552,7,0.17966723442077637,,1e-05
1553,7,0.6449944972991943,,1e-05
1554,7,0.024646153673529625,,1e-05
1555,7,0.19522736966609955,,1e-05
1556,7,0.4155401289463043,,1e-05
1557,7,0.0847906544804573,,1e-05
1558,7,0.19752070307731628,,1e-05
1559,7,0.15971079468727112,,1e-05
1560,7,0.022369960322976112,,1e-05
1561,7,0.03806890919804573,,1e-05
1562,7,0.8748823404312134,,1e-05
1563,7,0.11093556880950928,,1e-05
1564,7,0.02186592109501362,,1e-05
1565,7,0.006750201340764761,,1e-05
1566,7,0.2519451677799225,,1e-05
1567,7,0.40861478447914124,,1e-05
1568,7,0.0330934152007103,,1e-05
1569,7,0.027433184906840324,,1e-05
1570,7,0.11631432175636292,,1e-05
1571,7,0.5449554324150085,,1e-05
1572,7,0.4376646876335144,,1e-05
1573,7,0.07195974141359329,,1e-05
1574,7,0.06798583269119263,,1e-05
1575,7,0.9990822672843933,,1e-05
1576,7,0.4518878757953644,,1e-05
1577,7,0.17623166739940643,,1e-05
1578,7,0.10112123191356659,,1e-05
1579,7,0.0041846707463264465,,1e-05
1580,7,0.04189319908618927,,1e-05
1581,7,0.053618550300598145,,1e-05
1582,7,0.4389267861843109,,1e-05
1583,7,0.2869502902030945,,1e-05
1584,7,0.2981504499912262,,1e-05
1585,7,0.47759050130844116,,1e-05
1586,7,0.2338232398033142,,1e-05
1587,7,0.8252845406532288,,1e-05
1588,7,0.08991941809654236,,1e-05
1589,7,0.02689944952726364,,1e-05
1590,7,1.2226197719573975,,1e-05
1591,7,0.5542129278182983,,1e-05
1592,7,0.007812225725501776,,1e-05
1593,7,0.03957953304052353,,1e-05
1594,7,0.7780112028121948,,1e-05
1595,7,0.5220816731452942,,1e-05
1596,7,0.2626221776008606,,1e-05
1597,7,0.006101940758526325,,1e-05
1598,7,0.2808184027671814,,1e-05
1599,7,0.5998827219009399,,1e-05
1600,7,1.097877025604248,,1e-05
1601,7,0.37587451934814453,,1e-05
1602,7,0.007488695438951254,,1e-05
1603,7,0.032424211502075195,,1e-05
1604,7,0.013817040249705315,,1e-05
1605,7,0.17333386838436127,,1e-05
1606,7,0.06860959529876709,,1e-05
1607,7,0.11331652104854584,,1e-05
1608,7,0.04649295657873154,,1e-05
1609,7,0.35576266050338745,,1e-05
1610,7,0.22473442554473877,,1e-05
1611,7,0.00850799772888422,,1e-05
1612,7,0.3945103585720062,,1e-05
1613,7,0.17296850681304932,,1e-05
1614,7,0.33166253566741943,,1e-05
1615,7,0.0467919185757637,,1e-05
1616,7,0.3551021218299866,,1e-05
1617,7,0.40695005655288696,,1e-05
1618,7,0.49056464433670044,,1e-05
1619,7,0.0898667722940445,,1e-05
1620,7,0.07633673399686813,,1e-05
1621,7,0.30928707122802734,,1e-05
1622,7,0.2529540956020355,,1e-05
1623,7,0.03121800348162651,,1e-05
1624,7,0.03360604867339134,,1e-05
1625,7,0.01609502173960209,,1e-05
1626,7,0.720796525478363,,1e-05
1627,7,0.13190312683582306,,1e-05
1628,7,0.39123907685279846,,1e-05
1629,7,0.18263299763202667,,1e-05
1630,7,0.030293894931674004,,1e-05
1631,7,0.7173284888267517,,1e-05
1632,7,0.06111036241054535,,1e-05
1633,7,0.26379403471946716,,1e-05
1634,7,0.2819408178329468,,1e-05
1635,7,0.25263136625289917,,1e-05
1636,7,0.7522515058517456,,1e-05
1637,7,0.13891972601413727,,1e-05
1638,7,0.9067005515098572,,1e-05
1639,7,0.014978043735027313,,1e-05
1640,7,0.030186982825398445,,1e-05
1641,7,0.5590241551399231,,1e-05
1642,7,0.008526469580829144,,1e-05
1643,7,0.012452760711312294,,1e-05
1644,7,0.9268497824668884,,1e-05
1645,7,0.864534854888916,,1e-05
1646,7,0.32418346405029297,,1e-05
1647,7,0.04685656726360321,,1e-05
1648,7,0.23042505979537964,,1e-05
1649,7,1.5452028512954712,,1e-05
1650,7,0.17924797534942627,,1e-05
1651,7,0.9428926706314087,,1e-05
1652,7,0.29852861166000366,,1e-05
1653,7,0.015520141460001469,,1e-05
1654,7,0.11250234395265579,,1e-05
1655,7,0.518311619758606,,1e-05
1656,7,0.1395079344511032,,1e-05
1657,7,0.45955953001976013,,1e-05
1658,7,0.07811882346868515,,1e-05
1659,7,0.2713966369628906,,1e-05
1660,7,0.016098130494356155,,1e-05
1661,7,0.05290354788303375,,1e-05
1662,7,0.5143938660621643,,1e-05
1663,7,1.0728453397750854,,1e-05
1664,7,0.08158351480960846,,1e-05
1665,7,0.7466806173324585,,1e-05
1666,7,0.20811611413955688,,1e-05
1667,7,0.28670620918273926,,1e-05
1668,7,0.6250430345535278,,1e-05
1669,7,0.20263801515102386,,1e-05
1670,7,0.25693994760513306,,1e-05
1671,7,0.0009074731497094035,,1e-05
1672,7,0.16723906993865967,,1e-05
1673,7,0.8730736970901489,,1e-05
1674,7,0.9827505946159363,,1e-05
1675,7,0.09808559715747833,,1e-05
1676,7,0.040462344884872437,,1e-05
1677,7,1.1634070873260498,,1e-05
1678,7,0.04991964250802994,,1e-05
1679,7,0.03789473697543144,,1e-05
1680,7,0.10926663875579834,,1e-05
1681,7,0.7361469268798828,,1e-05
1682,7,0.12513402104377747,,1e-05
1683,7,0.012575438246130943,,1e-05
1684,7,0.032747525721788406,,1e-05
1685,7,0.04412209242582321,,1e-05
1686,7,0.33690497279167175,,1e-05
1687,7,0.0999155193567276,,1e-05
1688,7,0.48628559708595276,,1e-05
1689,7,0.08283475041389465,,1e-05
1690,7,0.016906270757317543,,1e-05
1691,7,0.07077766954898834,,1e-05
1692,7,0.04976484179496765,,1e-05
1693,7,0.9038752317428589,,1e-05
1694,7,0.07698730379343033,,1e-05
1695,7,0.37810981273651123,,1e-05
1696,7,0.01824280060827732,,1e-05
1697,7,0.07345343381166458,,1e-05
1698,7,0.31723538041114807,,1e-05
1699,7,0.012689740397036076,,1e-05
1700,7,0.35612642765045166,,1e-05
1701,7,0.07560143619775772,,1e-05
1702,7,0.0064798761159181595,,1e-05
1703,7,0.056764665991067886,,1e-05
1704,7,0.059924446046352386,,1e-05
1705,7,0.05009125545620918,,1e-05
1706,7,0.2093733251094818,,1e-05
1707,7,0.33345749974250793,,1e-05
1708,7,0.032354094088077545,,1e-05
1709,7,0.1438928246498108,,1e-05
1710,7,0.05088145658373833,,1e-05
1711,7,0.022817468270659447,,1e-05
1712,7,0.7100157737731934,,1e-05
1713,7,0.003316478570923209,,1e-05
1714,7,0.04461043328046799,,1e-05
1715,7,0.10636816918849945,,1e-05
1716,7,0.44566842913627625,,1e-05
1717,7,0.3932400643825531,,1e-05
1718,7,0.0183731596916914,,1e-05
1719,7,0.8998589515686035,,1e-05
1720,7,0.5299724340438843,,1e-05
1721,7,0.2601313889026642,,1e-05
1722,7,0.00881495513021946,,1e-05
1723,7,0.3537623882293701,,1e-05
1724,7,0.006812859792262316,,1e-05
1725,7,0.03188092261552811,,1e-05
1726,7,0.07197459787130356,,1e-05
1727,7,0.17938916385173798,,1e-05
1728,7,0.1931159794330597,,1e-05
1729,7,0.09080120921134949,,1e-05
1730,7,1.0895034074783325,,1e-05
1731,7,0.03198850527405739,,1e-05
1732,7,0.18821807205677032,,1e-05
1733,7,0.46080633997917175,,1e-05
1734,7,0.03716336935758591,,1e-05
1735,7,0.47618788480758667,,1e-05
1736,7,0.1507660299539566,,1e-05
1737,7,0.3499971330165863,,1e-05
1738,7,0.4762894809246063,,1e-05
1739,7,0.1003258004784584,,1e-05
1740,7,0.4777989387512207,,1e-05
1741,7,0.08283484727144241,,1e-05
1742,7,0.6019606590270996,,1e-05
1743,7,0.02251109853386879,,1e-05
1744,7,0.1628228724002838,,1e-05
1745,7,0.19921718537807465,,1e-05
1746,7,2.4521026611328125,,1e-05
1747,7,0.04132694751024246,,1e-05
1748,7,0.022252323105931282,,1e-05
1749,7,0.011943201534450054,,1e-05
1750,7,0.025760000571608543,,1e-05
1751,7,0.005990609526634216,,1e-05
1752,7,0.13101977109909058,,1e-05
1753,7,0.344628244638443,,1e-05
1754,7,0.5173644423484802,,1e-05
1755,7,0.17878907918930054,,1e-05
1756,7,0.03254258260130882,,1e-05
1757,7,0.014810890890657902,,1e-05
1758,7,0.3074606657028198,,1e-05
1759,7,0.09804097563028336,,1e-05
1760,7,0.006217360030859709,,1e-05
1761,7,0.11125854402780533,,1e-05
1762,7,0.1242816299200058,,1e-05
1763,7,0.13214944303035736,,1e-05
1764,7,0.00921452697366476,,1e-05
1765,7,0.03667524829506874,,1e-05
1766,7,0.037712644785642624,,1e-05
1767,7,0.0065767886117100716,,1e-05
1768,7,0.15035055577754974,,1e-05
1769,7,0.007835010066628456,,1e-05
1770,7,0.4867995083332062,,1e-05
1771,7,0.025084424763917923,,1e-05
1772,7,0.029755763709545135,,1e-05
1773,7,0.004007759504020214,,1e-05
1774,7,0.04729307442903519,,1e-05
1775,7,0.24902194738388062,,1e-05
1776,7,0.0012443509185686707,,1e-05
1777,7,0.004749036394059658,,1e-05
1778,7,0.07597483694553375,,1e-05
1779,7,0.15335601568222046,,1e-05
1780,7,0.1559263914823532,,1e-05
1781,7,0.14764009416103363,,1e-05
1782,7,0.03966757282614708,,1e-05
1783,7,0.04139981046319008,,1e-05
1784,7,0.054286226630210876,,1e-05
1785,7,1.9627269506454468,,1e-05
1786,7,0.15937018394470215,,1e-05
1787,7,0.006979853380471468,,1e-05
1788,7,0.20218640565872192,,1e-05
1789,7,1.4675211906433105,,1e-05
1790,7,0.6330628991127014,,1e-05
1791,7,0.06513792276382446,,1e-05
1792,7,0.5025554895401001,,1e-05
1793,8,0.2665836215019226,,1e-05
1794,8,0.13806438446044922,,1e-05
1795,8,0.8111365437507629,,1e-05
1796,8,0.8390375971794128,,1e-05
1797,8,0.036259401589632034,,1e-05
1798,8,0.10683320462703705,,1e-05
1799,8,0.027068398892879486,,1e-05
1800,8,0.006104462314397097,,1e-05
1801,8,0.017543582245707512,,1e-05
1802,8,0.41763079166412354,,1e-05
1803,8,0.0958312600851059,,1e-05
1804,8,0.07889234274625778,,1e-05
1805,8,0.22352077066898346,,1e-05
1806,8,0.5136445164680481,,1e-05
1807,8,0.7765201330184937,,1e-05
1808,8,0.23082181811332703,,1e-05
1809,8,0.3578161597251892,,1e-05
1810,8,0.047247596085071564,,1e-05
1811,8,0.24949286878108978,,1e-05
1812,8,0.021563252434134483,,1e-05
1813,8,0.30600428581237793,,1e-05
1814,8,0.018251730129122734,,1e-05
1815,8,0.38520288467407227,,1e-05
1816,8,0.2844885289669037,,1e-05
1817,8,0.0021167269442230463,,1e-05
1818,8,0.06456079334020615,,1e-05
1819,8,0.38034841418266296,,1e-05
1820,8,0.03162054717540741,,1e-05
1821,8,0.003909193444997072,,1e-05
1822,8,0.07216543704271317,,1e-05
1823,8,0.06268610060214996,,1e-05
1824,8,1.4212130308151245,,1e-05
1825,8,0.008264799602329731,,1e-05
1826,8,0.19016772508621216,,1e-05
1827,8,0.08044873178005219,,1e-05
1828,8,0.4068204462528229,,1e-05
1829,8,0.34983378648757935,,1e-05
1830,8,0.06594572961330414,,1e-05
1831,8,0.15504398941993713,,1e-05
1832,8,0.5491912364959717,,1e-05
1833,8,1.0464154481887817,,1e-05
1834,8,0.8387020826339722,,1e-05
1835,8,0.0021770379971712828,,1e-05
1836,8,0.15659113228321075,,1e-05
1837,8,0.5717262625694275,,1e-05
1838,8,0.0392480306327343,,1e-05
1839,8,0.02253311313688755,,1e-05
1840,8,0.02445625141263008,,1e-05
1841,8,0.20777684450149536,,1e-05
1842,8,0.5959970355033875,,1e-05
1843,8,0.01383745577186346,,1e-05
1844,8,0.35343116521835327,,1e-05
1845,8,0.3776547610759735,,1e-05
1846,8,0.5837512016296387,,1e-05
1847,8,0.4491598308086395,,1e-05
1848,8,0.009482492692768574,,1e-05
1849,8,0.008094270713627338,,1e-05
1850,8,0.004787288140505552,,1e-05
1851,8,0.24396559596061707,,1e-05
1852,8,0.13747282326221466,,1e-05
1853,8,0.003778385929763317,,1e-05
1854,8,0.06306581199169159,,1e-05
1855,8,0.062417760491371155,,1e-05
1856,8,0.0032230776268988848,,1e-05
1857,8,0.2185734063386917,,1e-05
1858,8,0.1892436146736145,,1e-05
1859,8,0.0072264354676008224,,1e-05
1860,8,0.060218553990125656,,1e-05
1861,8,0.9971655607223511,,1e-05
1862,8,0.1249929666519165,,1e-05
1863,8,0.03177614510059357,,1e-05
1864,8,0.8096508979797363,,1e-05
1865,8,0.09810453653335571,,1e-05
1866,8,0.012010753154754639,,1e-05
1867,8,0.1714332550764084,,1e-05
1868,8,1.0599327087402344,,1e-05
1869,8,0.006030775606632233,,1e-05
1870,8,0.33758533000946045,,1e-05
1871,8,1.5731468200683594,,1e-05
1872,8,0.024552613496780396,,1e-05
1873,8,0.38054269552230835,,1e-05
1874,8,0.005575697869062424,,1e-05
1875,8,0.10166838020086288,,1e-05
1876,8,0.013547568581998348,,1e-05
1877,8,0.30467310547828674,,1e-05
1878,8,1.0021456480026245,,1e-05
1879,8,0.04815911874175072,,1e-05
1880,8,0.011346411891281605,,1e-05
1881,8,0.0054100570268929005,,1e-05
1882,8,0.011206519789993763,,1e-05
1883,8,0.08715039491653442,,1e-05
1884,8,0.2642459273338318,,1e-05
1885,8,0.8549538850784302,,1e-05
1886,8,1.3970060348510742,,1e-05
1887,8,1.5857982635498047,,1e-05
1888,8,0.562095582485199,,1e-05
1889,8,0.010657627135515213,,1e-05
1890,8,0.8790867328643799,,1e-05
1891,8,0.03292261064052582,,1e-05
1892,8,0.16325604915618896,,1e-05
1893,8,0.5214686989784241,,1e-05
1894,8,0.4130409061908722,,1e-05
1895,8,0.5971044301986694,,1e-05
1896,8,0.500648021697998,,1e-05
1897,8,0.03956006094813347,,1e-05
1898,8,0.4183916449546814,,1e-05
1899,8,0.09510775655508041,,1e-05
1900,8,0.16153398156166077,,1e-05
1901,8,0.009964053519070148,,1e-05
1902,8,0.4720987379550934,,1e-05
1903,8,0.06683526933193207,,1e-05
1904,8,0.061832185834646225,,1e-05
1905,8,0.030066806823015213,,1e-05
1906,8,0.6568108797073364,,1e-05
1907,8,0.037367094308137894,,1e-05
1908,8,0.012308966368436813,,1e-05
1909,8,0.14297574758529663,,1e-05
1910,8,0.9229536652565002,,1e-05
1911,8,0.24999994039535522,,1e-05
1912,8,0.2058122754096985,,1e-05
1913,8,0.19283907115459442,,1e-05
1914,8,1.0699743032455444,,1e-05
1915,8,0.7146512269973755,,1e-05
1916,8,0.6405008435249329,,1e-05
1917,8,0.039727263152599335,,1e-05
1918,8,0.2435428351163864,,1e-05
1919,8,0.4806683659553528,,1e-05
1920,8,0.2854025661945343,,1e-05
1921,8,0.4386386573314667,,1e-05
1922,8,0.4922867715358734,,1e-05
1923,8,1.200143814086914,,1e-05
1924,8,0.4046141505241394,,1e-05
1925,8,0.19740089774131775,,1e-05
1926,8,0.0041065458208322525,,1e-05
1927,8,0.13534563779830933,,1e-05
1928,8,0.0139879509806633,,1e-05
1929,8,0.016390196979045868,,1e-05
1930,8,0.026917636394500732,,1e-05
1931,8,0.006641993299126625,,1e-05
1932,8,0.7000102996826172,,1e-05
1933,8,0.4653881788253784,,1e-05
1934,8,0.16892965137958527,,1e-05
1935,8,0.23538748919963837,,1e-05
1936,8,0.2645208239555359,,1e-05
1937,8,0.24616208672523499,,1e-05
1938,8,0.12738177180290222,,1e-05
1939,8,0.11012817919254303,,1e-05
1940,8,0.014420987106859684,,1e-05
1941,8,0.016789168119430542,,1e-05
1942,8,0.29451751708984375,,1e-05
1943,8,0.008617695420980453,,1e-05
1944,8,0.09498702734708786,,1e-05
1945,8,0.031536854803562164,,1e-05
1946,8,0.27040037512779236,,1e-05
1947,8,0.012565964832901955,,1e-05
1948,8,0.7337943315505981,,1e-05
1949,8,0.3981721103191376,,1e-05
1950,8,0.05564489588141441,,1e-05
1951,8,0.5377599596977234,,1e-05
1952,8,0.033763621002435684,,1e-05
1953,8,0.015146855264902115,,1e-05
1954,8,0.014909566380083561,,1e-05
1955,8,0.23696032166481018,,1e-05
1956,8,0.5357219576835632,,1e-05
1957,8,0.24632112681865692,,1e-05
1958,8,0.03475791960954666,,1e-05
1959,8,0.12968041002750397,,1e-05
1960,8,0.5486511588096619,,1e-05
1961,8,0.07400722801685333,,1e-05
1962,8,0.3457953929901123,,1e-05
1963,8,0.09152787923812866,,1e-05
1964,8,0.32681265473365784,,1e-05
1965,8,0.08587522804737091,,1e-05
1966,8,0.1610102504491806,,1e-05
1967,8,2.0618538856506348,,1e-05
1968,8,0.09678463637828827,,1e-05
1969,8,0.28742948174476624,,1e-05
1970,8,0.45893725752830505,,1e-05
1971,8,0.1284550130367279,,1e-05
1972,8,0.051860928535461426,,1e-05
1973,8,1.129083514213562,,1e-05
1974,8,0.32769837975502014,,1e-05
1975,8,0.058394115418195724,,1e-05
1976,8,0.14724424481391907,,1e-05
1977,8,0.0020429922733455896,,1e-05
1978,8,0.19216975569725037,,1e-05
1979,8,0.046983398497104645,,1e-05
1980,8,0.3067142963409424,,1e-05
1981,8,0.26786014437675476,,1e-05
1982,8,0.21456488966941833,,1e-05
1983,8,0.24619601666927338,,1e-05
1984,8,0.016315188258886337,,1e-05
1985,8,0.11687912046909332,,1e-05
1986,8,0.11065791547298431,,1e-05
1987,8,0.057000532746315,,1e-05
1988,8,0.024206867441534996,,1e-05
1989,8,0.27335304021835327,,1e-05
1990,8,0.06439647823572159,,1e-05
1991,8,0.30541545152664185,,1e-05
1992,8,0.24180170893669128,,1e-05
1993,8,0.06688294559717178,,1e-05
1994,8,0.7208923101425171,,1e-05
1995,8,0.791223406791687,,1e-05
1996,8,0.04199105128645897,,1e-05
1997,8,1.3332611322402954,,1e-05
1998,8,0.5809097290039062,,1e-05
1999,8,0.08156871050596237,,1e-05
2000,8,0.7489933967590332,,1e-05
2001,8,0.1893644779920578,,1e-05
2002,8,0.039487484842538834,,1e-05
2003,8,0.39627760648727417,,1e-05
2004,8,0.11191920936107635,,1e-05
2005,8,0.08626985549926758,,1e-05
2006,8,0.022467073053121567,,1e-05
2007,8,0.5363273024559021,,1e-05
2008,8,0.1641623079776764,,1e-05
2009,8,0.1748763620853424,,1e-05
2010,8,0.03207862749695778,,1e-05
2011,8,0.02470969408750534,,1e-05
2012,8,0.003847397631034255,,1e-05
2013,8,0.22099745273590088,,1e-05
2014,8,0.04226654767990112,,1e-05
2015,8,0.015309520997107029,,1e-05
2016,8,0.7279518842697144,,1e-05
2017,8,0.13334348797798157,,1e-05
2018,8,0.18129681050777435,,1e-05
2019,8,0.12718361616134644,,1e-05
2020,8,0.10017716884613037,,1e-05
2021,8,0.01338977087289095,,1e-05
2022,8,0.6988778710365295,,1e-05
2023,8,0.2525802254676819,,1e-05
2024,8,0.40287935733795166,,1e-05
2025,8,0.02393259108066559,,1e-05
2026,8,0.05259613320231438,,1e-05
2027,8,0.005767913069576025,,1e-05
2028,8,0.1669435352087021,,1e-05
2029,8,0.8436132073402405,,1e-05
2030,8,0.27482420206069946,,1e-05
2031,8,1.3212109804153442,,1e-05
2032,8,0.750961422920227,,1e-05
2033,8,0.11864275485277176,,1e-05
2034,8,0.2503334879875183,,1e-05
2035,8,0.8158724904060364,,1e-05
2036,8,0.38920098543167114,,1e-05
2037,8,0.3440615236759186,,1e-05
2038,8,0.40071210265159607,,1e-05
2039,8,0.2627912163734436,,1e-05
2040,8,0.30510780215263367,,1e-05
2041,8,0.09402600675821304,,1e-05
2042,8,0.03389913588762283,,1e-05
2043,8,0.027040446177124977,,1e-05
2044,8,0.3839094936847687,,1e-05
2045,8,1.5922865867614746,,1e-05
2046,8,0.2855623960494995,,1e-05
2047,8,0.03244567662477493,,1e-05
2048,8,0.09687314182519913,,1e-05
2049,9,0.33703452348709106,,1e-05
2050,9,0.14244361221790314,,1e-05
2051,9,0.03661929816007614,,1e-05
2052,9,0.07090103626251221,,1e-05
2053,9,0.19744770228862762,,1e-05
2054,9,0.07070033997297287,,1e-05
2055,9,0.47672462463378906,,1e-05
2056,9,0.3212389349937439,,1e-05
2057,9,0.07118861377239227,,1e-05
2058,9,0.005184067878872156,,1e-05
2059,9,0.04834340140223503,,1e-05
2060,9,1.9294100999832153,,1e-05
2061,9,0.2739803194999695,,1e-05
2062,9,0.13251176476478577,,1e-05
2063,9,0.3774246871471405,,1e-05
2064,9,0.008866854943335056,,1e-05
2065,9,0.3648386299610138,,1e-05
2066,9,0.009135186672210693,,1e-05
2067,9,0.009417390450835228,,1e-05
2068,9,0.03234677389264107,,1e-05
2069,9,0.18049030005931854,,1e-05
2070,9,0.8258084058761597,,1e-05
2071,9,0.10312123596668243,,1e-05
2072,9,0.44946280121803284,,1e-05
2073,9,0.01022043265402317,,1e-05
2074,9,0.20906971395015717,,1e-05
2075,9,0.4646216034889221,,1e-05
2076,9,0.0618182010948658,,1e-05
2077,9,0.1729566901922226,,1e-05
2078,9,0.009985601529479027,,1e-05
2079,9,0.16664336621761322,,1e-05
2080,9,0.007959332317113876,,1e-05
2081,9,0.17512764036655426,,1e-05
2082,9,0.01542639546096325,,1e-05
2083,9,0.057984836399555206,,1e-05
2084,9,0.225524440407753,,1e-05
2085,9,0.01339221466332674,,1e-05
2086,9,0.3830004036426544,,1e-05
2087,9,0.10810060799121857,,1e-05
2088,9,0.060314375907182693,,1e-05
2089,9,0.0020230943337082863,,1e-05
2090,9,0.015272274613380432,,1e-05
2091,9,0.39117032289505005,,1e-05
2092,9,0.6240835189819336,,1e-05
2093,9,0.23303231596946716,,1e-05
2094,9,0.08865354210138321,,1e-05
2095,9,0.07129432260990143,,1e-05
2096,9,0.12924106419086456,,1e-05
2097,9,0.1492730975151062,,1e-05
2098,9,1.6134769916534424,,1e-05
2099,9,0.00864537712186575,,1e-05
2100,9,0.557583212852478,,1e-05
2101,9,0.7636719942092896,,1e-05
2102,9,0.13491812348365784,,1e-05
2103,9,0.09270497411489487,,1e-05
2104,9,0.01140197366476059,,1e-05
2105,9,0.3941938877105713,,1e-05
2106,9,0.3243674039840698,,1e-05
2107,9,0.15254516899585724,,1e-05
2108,9,0.5659555792808533,,1e-05
2109,9,0.29425159096717834,,1e-05
2110,9,1.3070708513259888,,1e-05
2111,9,0.002504863776266575,,1e-05
2112,9,0.4686949849128723,,1e-05
2113,9,0.0502542220056057,,1e-05
2114,9,0.03636234998703003,,1e-05
2115,9,0.08296890556812286,,1e-05
2116,9,0.0060058459639549255,,1e-05
2117,9,0.3433636426925659,,1e-05
2118,9,0.0019091982394456863,,1e-05
2119,9,0.09042689949274063,,1e-05
2120,9,0.9811050295829773,,1e-05
2121,9,0.01004552561789751,,1e-05
2122,9,0.2054654061794281,,1e-05
2123,9,0.5944775342941284,,1e-05
2124,9,0.31257712841033936,,1e-05
2125,9,0.1437671035528183,,1e-05
2126,9,0.014665801078081131,,1e-05
2127,9,0.3049001097679138,,1e-05
2128,9,0.13661281764507294,,1e-05
2129,9,0.10584506392478943,,1e-05
2130,9,0.12034869939088821,,1e-05
2131,9,0.11078546941280365,,1e-05
2132,9,0.007793648634105921,,1e-05
2133,9,1.910462737083435,,1e-05
2134,9,0.0635269358754158,,1e-05
2135,9,0.23812803626060486,,1e-05
2136,9,0.1458243727684021,,1e-05
2137,9,0.015523210167884827,,1e-05
2138,9,0.314493864774704,,1e-05
2139,9,0.018983174115419388,,1e-05
2140,9,0.38748699426651,,1e-05
2141,9,0.167015939950943,,1e-05
2142,9,0.01598089188337326,,1e-05
2143,9,0.2429390251636505,,1e-05
2144,9,0.04963863641023636,,1e-05
2145,9,0.5319260954856873,,1e-05
2146,9,0.06747836619615555,,1e-05
2147,9,0.09108341485261917,,1e-05
2148,9,0.4553302228450775,,1e-05
2149,9,0.26249217987060547,,1e-05
2150,9,1.5115481615066528,,1e-05
2151,9,0.05779367312788963,,1e-05
2152,9,0.003460641484707594,,1e-05
2153,9,0.3905652165412903,,1e-05
2154,9,1.0106158256530762,,1e-05
2155,9,0.003971352707594633,,1e-05
2156,9,0.1434997022151947,,1e-05
2157,9,0.0575915202498436,,1e-05
2158,9,0.08751669526100159,,1e-05
2159,9,0.5515807867050171,,1e-05
2160,9,0.523064911365509,,1e-05
2161,9,0.06966632604598999,,1e-05
2162,9,0.6764869689941406,,1e-05
2163,9,1.7912659645080566,,1e-05
2164,9,0.031193973496556282,,1e-05
2165,9,0.03700558468699455,,1e-05
2166,9,0.9592446684837341,,1e-05
2167,9,0.019547203555703163,,1e-05
2168,9,0.257604718208313,,1e-05
2169,9,0.004976279567927122,,1e-05
2170,9,0.3963821232318878,,1e-05
2171,9,0.03492165356874466,,1e-05
2172,9,0.14232002198696136,,1e-05
2173,9,0.037265051156282425,,1e-05
2174,9,0.007686222437769175,,1e-05
2175,9,0.0484493225812912,,1e-05
2176,9,0.011946354992687702,,1e-05
2177,9,0.01672881469130516,,1e-05
2178,9,0.02167518064379692,,1e-05
2179,9,0.08892400562763214,,1e-05
2180,9,0.01552574336528778,,1e-05
2181,9,0.2545802891254425,,1e-05
2182,9,0.14585623145103455,,1e-05
2183,9,0.3344002962112427,,1e-05
2184,9,0.05810566246509552,,1e-05
2185,9,0.011193357408046722,,1e-05
2186,9,0.051977090537548065,,1e-05
2187,9,0.031078999862074852,,1e-05
2188,9,0.1556997448205948,,1e-05
2189,9,0.5756284594535828,,1e-05
2190,9,0.017075853422284126,,1e-05
2191,9,0.07889656722545624,,1e-05
2192,9,0.008187872357666492,,1e-05
2193,9,0.032496701925992966,,1e-05
2194,9,0.05882267653942108,,1e-05
2195,9,0.26705944538116455,,1e-05
2196,9,0.493211954832077,,1e-05
2197,9,0.010438199155032635,,1e-05
2198,9,0.3107539117336273,,1e-05
2199,9,0.39450323581695557,,1e-05
2200,9,0.04904790595173836,,1e-05
2201,9,0.13760678470134735,,1e-05
2202,9,0.002728913677856326,,1e-05
2203,9,0.0749192088842392,,1e-05
2204,9,0.1841677874326706,,1e-05
2205,9,0.1199561282992363,,1e-05
2206,9,0.6035969257354736,,1e-05
2207,9,0.9069652557373047,,1e-05
2208,9,0.5353050231933594,,1e-05
2209,9,0.3834301233291626,,1e-05
2210,9,0.048676036298274994,,1e-05
2211,9,0.02205120399594307,,1e-05
2212,9,0.10687316209077835,,1e-05
2213,9,0.015452303923666477,,1e-05
2214,9,0.0020555483642965555,,1e-05
2215,9,0.8811801075935364,,1e-05
2216,9,0.047452136874198914,,1e-05
2217,9,0.06208252161741257,,1e-05
2218,9,0.11800485849380493,,1e-05
2219,9,0.02895358018577099,,1e-05
2220,9,0.4142504036426544,,1e-05
2221,9,0.07713326066732407,,1e-05
2222,9,0.02566363662481308,,1e-05
2223,9,0.06846114993095398,,1e-05
2224,9,0.06158434972167015,,1e-05
2225,9,0.049824170768260956,,1e-05
2226,9,0.2746407985687256,,1e-05
2227,9,0.5205403566360474,,1e-05
2228,9,0.288984090089798,,1e-05
2229,9,0.16485409438610077,,1e-05
2230,9,0.2154131680727005,,1e-05
2231,9,0.40905898809432983,,1e-05
2232,9,0.22163082659244537,,1e-05
2233,9,0.23145829141139984,,1e-05
2234,9,0.27963027358055115,,1e-05
2235,9,0.2244606614112854,,1e-05
2236,9,1.6806654930114746,,1e-05
2237,9,0.2638842463493347,,1e-05
2238,9,0.15537944436073303,,1e-05
2239,9,0.6793549060821533,,1e-05
2240,9,0.4577603042125702,,1e-05
2241,9,0.005069514736533165,,1e-05
2242,9,0.006568347569555044,,1e-05
2243,9,0.5821838974952698,,1e-05
2244,9,0.608147919178009,,1e-05
2245,9,0.009677146561443806,,1e-05
2246,9,0.0016379961743950844,,1e-05
2247,9,0.010112058371305466,,1e-05
2248,9,0.03561269864439964,,1e-05
2249,9,0.18299199640750885,,1e-05
2250,9,1.225905418395996,,1e-05
2251,9,0.024128742516040802,,1e-05
2252,9,0.5490626096725464,,1e-05
2253,9,1.0564563274383545,,1e-05
2254,9,0.0357385091483593,,1e-05
2255,9,0.6566746830940247,,1e-05
2256,9,0.209807887673378,,1e-05
2257,9,0.007204648572951555,,1e-05
2258,9,0.1129956841468811,,1e-05
2259,9,0.2803645133972168,,1e-05
2260,9,0.13676367700099945,,1e-05
2261,9,0.2971457540988922,,1e-05
2262,9,0.42355287075042725,,1e-05
2263,9,0.03507186099886894,,1e-05
2264,9,0.00500286091119051,,1e-05
2265,9,0.04716230556368828,,1e-05
2266,9,0.6734963059425354,,1e-05
2267,9,0.3216167688369751,,1e-05
2268,9,0.5926508903503418,,1e-05
2269,9,0.048899855464696884,,1e-05
2270,9,0.18815651535987854,,1e-05
2271,9,0.281583309173584,,1e-05
2272,9,0.19493061304092407,,1e-05
2273,9,0.5952978730201721,,1e-05
2274,9,0.007447411306202412,,1e-05
2275,9,0.11873135715723038,,1e-05
2276,9,0.16877347230911255,,1e-05
2277,9,0.24079015851020813,,1e-05
2278,9,0.5898666977882385,,1e-05
2279,9,0.24145595729351044,,1e-05
2280,9,0.525316059589386,,1e-05
2281,9,0.007313460111618042,,1e-05
2282,9,0.3173688054084778,,1e-05
2283,9,0.015870390459895134,,1e-05
2284,9,0.036374688148498535,,1e-05
2285,9,0.05717385932803154,,1e-05
2286,9,0.6849247813224792,,1e-05
2287,9,0.8530436754226685,,1e-05
2288,9,0.2243874967098236,,1e-05
2289,9,1.0067466497421265,,1e-05
2290,9,0.23292356729507446,,1e-05
2291,9,0.009596294723451138,,1e-05
2292,9,0.1384315937757492,,1e-05
2293,9,0.11852142959833145,,1e-05
2294,9,0.6107518672943115,,1e-05
2295,9,0.00490932073444128,,1e-05
2296,9,1.4697247743606567,,1e-05
2297,9,0.04892271012067795,,1e-05
2298,9,0.3720557987689972,,1e-05
2299,9,0.008670509792864323,,1e-05
2300,9,0.45535728335380554,,1e-05
2301,9,0.029731806367635727,,1e-05
2302,9,0.11258674412965775,,1e-05
2303,9,0.014117506332695484,,1e-05
2304,9,0.1974002569913864,,1e-05
2305,10,0.048158515244722366,,1e-05
2306,10,0.4378858208656311,,1e-05
2307,10,0.6452995538711548,,1e-05
2308,10,0.002869072835892439,,1e-05
2309,10,0.24855074286460876,,1e-05
2310,10,0.008743172511458397,,1e-05
2311,10,0.10835027694702148,,1e-05
2312,10,0.0023444481194019318,,1e-05
2313,10,0.06913147121667862,,1e-05
2314,10,0.19428855180740356,,1e-05
2315,10,0.42092910408973694,,1e-05
2316,10,0.3230971693992615,,1e-05
2317,10,0.18784846365451813,,1e-05
2318,10,0.20953911542892456,,1e-05
2319,10,1.1312001943588257,,1e-05
2320,10,0.5638031363487244,,1e-05
2321,10,0.0948566347360611,,1e-05
2322,10,0.024380886927247047,,1e-05
2323,10,0.4649512767791748,,1e-05
2324,10,0.058272965252399445,,1e-05
2325,10,0.04281529411673546,,1e-05
2326,10,0.022269247099757195,,1e-05
2327,10,0.4173826575279236,,1e-05
2328,10,0.34487384557724,,1e-05
2329,10,0.0023940247483551502,,1e-05
2330,10,0.8184390068054199,,1e-05
2331,10,0.02161291614174843,,1e-05
2332,10,0.9671032428741455,,1e-05
2333,10,0.02236270159482956,,1e-05
2334,10,0.2547113597393036,,1e-05
2335,10,0.021090053021907806,,1e-05
2336,10,0.12464369833469391,,1e-05
2337,10,0.18513396382331848,,1e-05
2338,10,0.02954019606113434,,1e-05
2339,10,0.4937606155872345,,1e-05
2340,10,0.11218775063753128,,1e-05
2341,10,0.08828409761190414,,1e-05
2342,10,0.015861185267567635,,1e-05
2343,10,0.08576251566410065,,1e-05
2344,10,0.03594101592898369,,1e-05
2345,10,0.06994392722845078,,1e-05
2346,10,0.005683557596057653,,1e-05
2347,10,0.11671002954244614,,1e-05
2348,10,0.015897704288363457,,1e-05
2349,10,0.9169687628746033,,1e-05
2350,10,0.4178447723388672,,1e-05
2351,10,1.0484404563903809,,1e-05
2352,10,0.08432535827159882,,1e-05
2353,10,0.033945485949516296,,1e-05
2354,10,0.07679913938045502,,1e-05
2355,10,0.16912125051021576,,1e-05
2356,10,0.5886361598968506,,1e-05
2357,10,0.5863077640533447,,1e-05
2358,10,0.03753025829792023,,1e-05
2359,10,0.22818727791309357,,1e-05
2360,10,0.252124547958374,,1e-05
2361,10,0.10737662017345428,,1e-05
2362,10,0.17936329543590546,,1e-05
2363,10,0.1671319603919983,,1e-05
2364,10,0.5910850763320923,,1e-05
2365,10,0.21836020052433014,,1e-05
2366,10,0.11649622023105621,,1e-05
2367,10,2.200315237045288,,1e-05
2368,10,0.0021814927458763123,,1e-05
2369,10,0.15514253079891205,,1e-05
2370,10,0.016503160819411278,,1e-05
2371,10,1.3081156015396118,,1e-05
2372,10,0.36368370056152344,,1e-05
2373,10,0.07289400696754456,,1e-05
2374,10,0.017267463728785515,,1e-05
2375,10,0.09673566371202469,,1e-05
2376,10,0.06500548124313354,,1e-05
2377,10,0.005602212622761726,,1e-05
2378,10,0.016567138954997063,,1e-05
2379,10,0.01011061854660511,,1e-05
2380,10,0.04907277971506119,,1e-05
2381,10,0.07711151242256165,,1e-05
2382,10,0.06418822705745697,,1e-05
2383,10,0.03354458883404732,,1e-05
2384,10,0.06996556371450424,,1e-05
2385,10,0.01714480295777321,,1e-05
2386,10,0.08092943578958511,,1e-05
2387,10,0.7239814400672913,,1e-05
2388,10,0.3098788559436798,,1e-05
2389,10,0.04394681006669998,,1e-05
2390,10,0.060544129461050034,,1e-05
2391,10,0.05681721493601799,,1e-05
2392,10,0.5402162075042725,,1e-05
2393,10,0.9049638509750366,,1e-05
2394,10,1.3132755756378174,,1e-05
2395,10,0.030352657660841942,,1e-05
2396,10,0.2543763220310211,,1e-05
2397,10,0.6907228231430054,,1e-05
2398,10,0.0037358184345066547,,1e-05
2399,10,1.0856505632400513,,1e-05
2400,10,0.2981370687484741,,1e-05
2401,10,0.036015745252370834,,1e-05
2402,10,1.096130132675171,,1e-05
2403,10,0.03985892981290817,,1e-05
2404,10,0.3287879228591919,,1e-05
2405,10,0.2941857874393463,,1e-05
2406,10,0.10529819875955582,,1e-05
2407,10,0.19755898416042328,,1e-05
2408,10,1.8179877996444702,,1e-05
2409,10,0.3853800296783447,,1e-05
2410,10,0.25297656655311584,,1e-05
2411,10,0.26155316829681396,,1e-05
2412,10,0.34906205534935,,1e-05
2413,10,0.12231297045946121,,1e-05
2414,10,0.10186382383108139,,1e-05
2415,10,0.1868351697921753,,1e-05
2416,10,0.003061750205233693,,1e-05
2417,10,0.33759966492652893,,1e-05
2418,10,0.0010950614232569933,,1e-05
2419,10,0.2232014536857605,,1e-05
2420,10,0.31294307112693787,,1e-05
2421,10,0.04150189831852913,,1e-05
2422,10,0.16563616693019867,,1e-05
2423,10,0.009375790134072304,,1e-05
2424,10,0.010952721349895,,1e-05
2425,10,0.5178236365318298,,1e-05
2426,10,0.2844250500202179,,1e-05
2427,10,0.08231090009212494,,1e-05
2428,10,0.19132237136363983,,1e-05
2429,10,0.020211059600114822,,1e-05
2430,10,1.0301345586776733,,1e-05
2431,10,0.10989538580179214,,1e-05
2432,10,0.6214173436164856,,1e-05
2433,10,0.022200236096978188,,1e-05
2434,10,0.04849890619516373,,1e-05
2435,10,1.5071860551834106,,1e-05
2436,10,0.0027761401142925024,,1e-05
2437,10,0.010328649543225765,,1e-05
2438,10,0.06792204827070236,,1e-05
2439,10,0.25457510352134705,,1e-05
2440,10,0.14707323908805847,,1e-05
2441,10,1.6352242231369019,,1e-05
2442,10,0.04218175262212753,,1e-05
2443,10,0.22662098705768585,,1e-05
2444,10,0.004478232003748417,,1e-05
2445,10,0.9819965362548828,,1e-05
2446,10,0.0023310258984565735,,1e-05
2447,10,0.1822093427181244,,1e-05
2448,10,0.2850588262081146,,1e-05
2449,10,0.018320530652999878,,1e-05
2450,10,0.04930482432246208,,1e-05
2451,10,0.022433407604694366,,1e-05
2452,10,0.18663522601127625,,1e-05
2453,10,0.2865999937057495,,1e-05
2454,10,0.02083417773246765,,1e-05
2455,10,0.017116498202085495,,1e-05
2456,10,1.1041828393936157,,1e-05
2457,10,0.6421084403991699,,1e-05
2458,10,0.007565648760646582,,1e-05
2459,10,0.6225225329399109,,1e-05
2460,10,0.6123100519180298,,1e-05
2461,10,0.8760604858398438,,1e-05
2462,10,0.4912914037704468,,1e-05
2463,10,0.37845903635025024,,1e-05
2464,10,0.6422489285469055,,1e-05
2465,10,0.9219335317611694,,1e-05
2466,10,0.2721976041793823,,1e-05
2467,10,0.04493582993745804,,1e-05
2468,10,0.09309612214565277,,1e-05
2469,10,0.031404897570610046,,1e-05
2470,10,0.0033694906160235405,,1e-05
2471,10,1.2358665466308594,,1e-05
2472,10,0.009072438813745975,,1e-05
2473,10,0.4434589445590973,,1e-05
2474,10,0.2428748458623886,,1e-05
2475,10,0.2409164011478424,,1e-05
2476,10,0.032193947583436966,,1e-05
2477,10,0.08490846306085587,,1e-05
2478,10,0.1518232524394989,,1e-05
2479,10,0.16700351238250732,,1e-05
2480,10,0.038396842777729034,,1e-05
2481,10,0.8219118714332581,,1e-05
2482,10,0.030285188928246498,,1e-05
2483,10,0.5123911499977112,,1e-05
2484,10,0.22858835756778717,,1e-05
2485,10,0.5430548191070557,,1e-05
2486,10,0.42031267285346985,,1e-05
2487,10,0.1697843372821808,,1e-05
2488,10,0.27892133593559265,,1e-05
2489,10,0.08133117109537125,,1e-05
2490,10,0.5697118639945984,,1e-05
2491,10,0.7343806028366089,,1e-05
2492,10,0.0027078946586698294,,1e-05
2493,10,0.02211148478090763,,1e-05
2494,10,0.026956571266055107,,1e-05
2495,10,1.3013874292373657,,1e-05
2496,10,0.021876761689782143,,1e-05
2497,10,0.1268976330757141,,1e-05
2498,10,0.21406716108322144,,1e-05
2499,10,0.5059053897857666,,1e-05
2500,10,0.2817089557647705,,1e-05
2501,10,0.0706992819905281,,1e-05
2502,10,0.028499839827418327,,1e-05
2503,10,0.007488115690648556,,1e-05
2504,10,0.27688613533973694,,1e-05
2505,10,0.25807827711105347,,1e-05
2506,10,1.4917370080947876,,1e-05
2507,10,0.05687454342842102,,1e-05
2508,10,0.19025684893131256,,1e-05
2509,10,0.02380870282649994,,1e-05
2510,10,0.01371882762759924,,1e-05
2511,10,0.011314094066619873,,1e-05
2512,10,0.05903729423880577,,1e-05
2513,10,0.15635810792446136,,1e-05
2514,10,0.191156804561615,,1e-05
2515,10,0.06798049062490463,,1e-05
2516,10,0.20225095748901367,,1e-05
2517,10,0.2678666114807129,,1e-05
2518,10,0.13498596847057343,,1e-05
2519,10,0.004293295554816723,,1e-05
2520,10,0.7500095963478088,,1e-05
2521,10,0.2994202673435211,,1e-05
2522,10,0.0355592705309391,,1e-05
2523,10,1.2056210041046143,,1e-05
2524,10,0.801041841506958,,1e-05
2525,10,0.24900180101394653,,1e-05
2526,10,0.0232310201972723,,1e-05
2527,10,0.06215604394674301,,1e-05
2528,10,1.1660820245742798,,1e-05
2529,10,0.11490575224161148,,1e-05
2530,10,0.23351547122001648,,1e-05
2531,10,0.10676056891679764,,1e-05
2532,10,0.019307149574160576,,1e-05
2533,10,0.06279604882001877,,1e-05
2534,10,0.6982119083404541,,1e-05
2535,10,0.32536885142326355,,1e-05
2536,10,0.3593348264694214,,1e-05
2537,10,0.08211344480514526,,1e-05
2538,10,0.02832631580531597,,1e-05
2539,10,0.08456423133611679,,1e-05
2540,10,0.38712239265441895,,1e-05
2541,10,0.6445117592811584,,1e-05
2542,10,0.41060754656791687,,1e-05
2543,10,0.8920140266418457,,1e-05
2544,10,0.292319655418396,,1e-05
2545,10,0.07877396047115326,,1e-05
2546,10,0.02588224969804287,,1e-05
2547,10,0.013734069652855396,,1e-05
2548,10,0.21927571296691895,,1e-05
2549,10,0.008277619257569313,,1e-05
2550,10,0.7446874976158142,,1e-05
2551,10,0.2757689356803894,,1e-05
2552,10,0.10830394923686981,,1e-05
2553,10,0.07678215205669403,,1e-05
2554,10,0.09979690611362457,,1e-05
2555,10,0.8551449179649353,,1e-05
2556,10,0.27406245470046997,,1e-05
2557,10,0.5423017144203186,,1e-05
2558,10,0.005944524426013231,,1e-05
2559,10,0.37474706768989563,,1e-05
2560,10,0.017529156059026718,,1e-05
